AGENCY,DATE,DESTINATION,PAX,TYPE,COST,STATUS
MILAN,01/01/2023,PPC - EN,8,PRIVATE,5000,
MILAN,01/01/2023,PPC - EN,6,SHARED,3000,
MILAN,02/01/2023,PPC - EN,3,SHARED,1500,
MILAN,02/01/2023,PPC - EN,2,SHARED,1000,
MILAN,02/01/2023,EN - PPC,11,PRIVATE,5000,
MILAN,02/01/2023,EN - PPC,7,SHARED,3500,
MILAN,02/01/2023,EN - PPC,7,SHARED,3500,
MILAN,02/01/2023,PPC - EN,5,SHARED,2500,
MILAN,02/01/2023,PPC - EN,9,SHARED,4500,
MILAN,02/01/2023,EN - PPC,12,PRIVATE,5000,
MILAN,03/01/2023,EN - PPC,7,SHARED,3500,
MILAN,03/01/2023,PPC - EN,3,SHARED,1500,
MILAN,03/01/2023,PPC - EN,2,SHARED,1000,
MILAN,03/01/2023,PPC - EN,4,SHARED,2000,
MILAN,03/01/2023,EN - PPC,2,SHARED,1000,
MILAN,03/01/2023,EN - PPC,2,SHARED,1000,
MILAN,03/01/2023,EN - PPC,2,SHARED,1000,
MILAN,03/01/2023,PPC - EN,7,SHARED,2500,
MILAN,03/01/2023,PPC - EN,4,SHARED,2000,
MILAN,03/01/2023,PPC - EN,3,SHARED,1000,
MILAN,03/01/2023,EN - PPC,11,PRIVATE,5000,
MILAN,05/01/2023,EN - PPC,3,SHARED,1500,
MILAN,05/01/2023,EN - PPC,2,SHARED,1000,
MILAN,05/01/2023,EN - PPC,5,PRIVATE,5000,
MILAN,06/01/2023,PPC - EN,4,PRIVATE,5000,
MILAN,06/01/2023,PPC - EN,2,SHARED,1000,
MILAN,07/01/2023,PPC - EN,2,SHARED,1000,
MILAN,07/01/2023,PPC - EN,6,SHARED,3000,
MILAN,07/01/2023,EN - PPC,2,SHARED,1000,
MILAN,07/01/2023,EN - PPC,2,SHARED,1000,
MILAN,07/01/2023,PPC - EN,8,SHARED,4000,
MILAN,07/01/2023,EN - PPC,7,PRIVATE,5000,
BAYVIEW,07/01/2023,DROP OFF AIRPORT,4,PRIVATE,1000,
MILAN,07/01/2023,PPC - EN,4,SHARED,2000,
MILAN,08/01/2023,PPC - EN,4,SHARED,2000,
MILAN,08/01/2023,EN - PPC,2,SHARED,1000,
MILAN,08/01/2023,EN - PPC,2,SHARED,1000,
MILAN,08/01/2023,PPC - EN,2,SHARED,1000,
MILAN,09/01/2023,PPC - EN,5,SHARED,2500,
MILAN,09/01/2023,PPC - EN,5,SHARED,2500,
MILAN,09/01/2023,PPC - EN,2,SHARED,1000,
MILAN,09/01/2023,PPC - EN,4,SHARED,2000,
MILAN,09/01/2023,PPC - EN,4,SHARED,2000,
MILAN,09/01/2023,EN - PPC,2,SHARED,1000,
MILAN,10/01/2023,EN - PPC,2,SHARED,1000,
MILAN,10/01/2023,EN - PPC,4,SHARED,2000,
MILAN,01/02/2023,EN - PPC,5,PRIVATE,5000,
MILAN,01/02/2023,PPC - EN,8,SHARED,4000,
MILAN,02/02/2023,PPC - EN,4,SHARED,2000,
MILAN,02/02/2023,PPC - EN,5,SHARED,2500,
MILAN,02/02/2023,EN - PPC,2,SHARED,1000,
MILAN,02/02/2023,EN - PPC,4,SHARED,2000,
MILAN,02/02/2023,EN - PPC,10,SHARED,4500,
MILAN,02/02/2023,EN - PPC,3,SHARED,1500,
MILAN,02/02/2023,PPC - EN,2,SHARED,1000,
MILAN,03/02/2023,PPC - EN,5,SHARED,2500,
MILAN,03/02/2023,EN - PPC,5,SHARED,2500,
MILAN,03/02/2023,EN - PPC,4,SHARED,2000,
BAYVIEW,03/02/2023,PPC - EN,6,PRIVATE,5000,
BAYVIEW,03/02/2023,EN - PPC,2,SHARED,1000,
BAYVIEW,03/02/2023,DROP OFF AIRPORT,5,PRIVATE,1000,
MILAN,03/02/2023,PPC - EN,10,PRIVATE,5000,
MILAN,03/02/2023,EN - PPC,6,SHARED,3000,
MILAN,03/02/2023,EN - PPC,2,SHARED,1000,
MILAN,07/02/2023,EN - PPC,3,SHARED,1000,
MILAN,07/02/2023,PPC - EN,3,SHARED,1000,
MILAN,07/02/2023,EN - PPC,4,SHARED,2000,
MILAN,07/02/2023,EN - PPC,9,SHARED,4500,
MILAN,07/02/2023,EN - PPC,5,SHARED,2500,
MILAN,07/02/2023,EN - PPC,6,SHARED,3000,
MILAN,08/02/2023,EN - PPC,2,SHARED,1000,
MILAN,08/02/2023,PPC - EN,2,SHARED,1000,
MILAN,08/02/2023,PPC - EN,2,SHARED,1000,
MILAN,08/02/2023,PPC - EN,3,SHARED,1500,
MILAN,08/02/2023,PPC - EN,2,SHARED,1000,
MILAN,09/02/2023,PPC - EN,2,SHARED,1000,
MILAN,10/02/2023,PPC - EN,6,SHARED,3000,
MILAN,10/02/2023,PPC - EN,4,SHARED,2000,
MILAN,11/02/2023,EN - PPC,7,SHARED,3500,
BAYVIEW,01/03/2023,PICK UP AIRPORT,2,PRIVATE,1000,
MILAN,01/03/2023,EN - PPC,3,SHARED,1500,
MILAN,02/03/2023,PPC - EN,11,PRIVATE,5000,
MILAN,02/03/2023,PPC - EN,2,SHARED,1000,
MILAN,02/03/2023,PPC - EN,2,SHARED,1000,
MILAN,02/03/2023,PPC - EN,2,SHARED,1000,
MILAN,02/03/2023,EN - PPC,4,SHARED,2000,
MILAN,02/03/2023,EN - PPC,3,SHARED,1500,
MILAN,02/03/2023,PPC - EN,2,SHARED,1000,
MILAN,03/03/2023,EN - PPC,4,SHARED,2000,
MILAN,03/03/2023,PPC - EN,6,SHARED,3000,
BAYVIEW,03/03/2023,INLAND TOUR,7,PRIVATE,4000,
MILAN,03/03/2023,PPC - EN,6,PRIVATE,5000,
MILAN,03/03/2023,PPC - EN,2,SHARED,1000,
MILAN,03/03/2023,PPC - EN,2,SHARED,1000,
MILAN,03/03/2023,PPC - EN,4,SHARED,2000,
MILAN,03/03/2023,PPC - EN,2,SHARED,1000,
MILAN,03/03/2023,PPC - EN,4,SHARED,2000,
MILAN,03/03/2023,DROP OFF AIRPORT,3,PRIVATE,1000,
MILAN,03/03/2023,EN - PPC,4,SHARED,2000,
MILAN,03/03/2023,EN - PPC,4,SHARED,2000,
MILAN,03/03/2023,PPC - EN,2,SHARED,1000,
MILAN,03/03/2023,EN - PPC,5,SHARED,2500,
MILAN,03/03/2023,EN - PPC,7,PRIVATE,5000,
MILAN,03/03/2023,EN - PPC,2,SHARED,1000,
MILAN,03/03/2023,EN - PPC,3,SHARED,1500,
MILAN,03/03/2023,EN - PPC,8,SHARED,4000,
MILAN,03/03/2023,PPC - EN,2,SHARED,1000,
MILAN,03/03/2023,EN - PPC,6,PRIVATE,5000,
MILAN,03/03/2023,EN - PPC,2,SHARED,1000,
MILAN,03/03/2023,EN - PPC,5,SHARED,2500,
MILAN,03/03/2023,EN - PPC,6,SHARED,3000,
MILAN,06/03/2023,EN - PPC,2,SHARED,1000,
BAYVIEW,06/03/2023,PPC - EN,2,SHARED,1000,
BAYVIEW,07/03/2023,EN - PPC,7,SHARED,3000,
MILAN,07/03/2023,PPC - EN,8,SHARED,3500,
MILAN,07/03/2023,PPC - EN,5,SHARED,2500,
MILAN,07/03/2023,PPC - EN,4,SHARED,2000,
MILAN,08/03/2023,EN - PPC,10,PRIVATE,5000,
MILAN,08/03/2023,PPC - EN,14,PRIVATE,5500,
MILAN,08/03/2023,PPC - EN,14,PRIVATE,6000,
MILAN,08/03/2023,PICK UP AIRPORT,9,PRIVATE,1000,
MILAN,08/03/2023,EN - PPC,2,SHARED,1000,
MILAN,08/03/2023,EN - PPC,2,SHARED,1000,
MILAN,08/03/2023,PPC - EN,7,SHARED,3500,
MILAN,08/03/2023,EN - PPC,2,PRIVATE,5000,
MILAN,08/03/2023,EN - PPC,2,SHARED,1000,
MILAN,08/03/2023,EN - PPC,2,SHARED,1000,
MILAN,09/03/2023,EN - PPC,5,SHARED,2500,
MILAN,09/03/2023,PPC - EN,2,SHARED,1000,
MILAN,09/03/2023,EN - PPC,6,PRIVATE,5000,
MILAN,09/03/2023,EN - PPC,4,SHARED,2000,
MILAN,09/03/2023,EN - PPC,4,SHARED,2000,
MILAN,09/03/2023,EN - PPC,2,SHARED,1000,
BAYVIEW,09/03/2023,PPC - EN,2,SHARED,1000,
BAYVIEW,10/03/2023,EN - PPC,2,SHARED,1000,
MILAN,10/03/2023,EN - PPC,4,SHARED,2000,
MILAN,10/03/2023,EN - PPC,2,SHARED,1000,
MILAN,10/03/2023,PPC - EN,2,SHARED,1000,
MILAN,11/03/2023,PPC - EN,6,SHARED,3000,
MILAN,11/03/2023,PPC - EN,4,SHARED,2000,
MILAN,12/03/2023,PPC - EN,2,SHARED,1000,
MILAN,01/04/2023,EN - PPC,11,PRIVATE,5000,
MILAN,01/04/2023,PPC - EN,6,SHARED,3000,
MILAN,02/04/2023,PPC - EN,2,SHARED,1000,
MILAN,02/04/2023,EN - PPC,2,SHARED,1000,
MILAN,02/04/2023,EN - PPC,2,SHARED,1000,
MILAN,02/04/2023,EN - PPC,2,SHARED,1000,
BAYVIEW,02/04/2023,EN - PPC,2,SHARED,1000,
MILAN,02/04/2023,EN - PPC,2,SHARED,1000,
MILAN,02/04/2023,EN - PPC,2,SHARED,1000,
MILAN,02/04/2023,EN - PPC,4,SHARED,2000,
MILAN,02/04/2023,EN - PPC,5,SHARED,2500,
MILAN,02/04/2023,EN - PPC,6,SHARED,3000,
MILAN,05/04/2023,EN - PPC,2,SHARED,1000,
MILAN,05/04/2023,EN - PPC,4,SHARED,2000,
MILAN,06/04/2023,PPC - EN,4,SHARED,2000,
MILAN,07/04/2023,PPC - EN,2,SHARED,1000,
MILAN,07/04/2023,PPC - EN,2,SHARED,1000,
MILAN,07/04/2023,EN - PPC,2,SHARED,1000,
MILAN,07/04/2023,PPC - EN ,2,SHARED,1000,
BAYVIEW,08/04/2023,EN - PPC,4,SHARED,2000,
BAYVIEW,08/04/2023,EN - PPC,2,SHARED,1000,
MILAN,08/04/2023,PPC - EN,2,SHARED,1000,
MILAN,08/04/2023,PPC - EN,9,SHARED,4500,
MILAN,08/04/2023,EN - PPC,4,SHARED,2000,
MILAN,08/04/2023,EN - PPC,8,SHARED,3500,
MILAN,09/04/2023,PPC - EN,1,SHARED,500,
MILAN,09/04/2023,EN - PPC,14,PRIVATE,5500,
MILAN,09/04/2023,EN - PPC,14,PRIVATE,6000,
MILAN,09/04/2023,EN - PPC,2,SHARED,1000,
MILAN,10/04/2023,EN - PPC,2,SHARED,1000,
MILAN,10/04/2023,PPC - EN,2,SHARED,1000,
MILAN,10/04/2023,PPC - EN,3,SHARED,1500,
MILAN,10/04/2023,EN - PPC,6,SHARED,3000,
MILAN,12/04/2023,EN - PPC,7,SHARED,3500,
MILAN,01/05/2023,EN - PPC,2,SHARED,1000,
MILAN,01/05/2023,PPC - EN,2,SHARED,1000,
BAYVIEW,01/05/2023,PICK UP AIRPORT,2,PRIVATE,1000,
MILAN,01/05/2023,PPC - EN,6,SHARED,3000,
MILAN,02/05/2023,EN - PPC,8,SHARED,4000,
MILAN,02/05/2023,PPC - EN,10,PRIVATE,5000,
MILAN,02/05/2023,PPC - EN,4,SHARED,2000,
MILAN,02/05/2023,PPC - EN,4,SHARED,2000,
MILAN,04/05/2023,EN - PPC,2,SHARED,1000,
MILAN,04/05/2023,EN - PPC,4,SHARED,2000,
MILAN,05/05/2023,EN - PPC,6,SHARED,3000,
MILAN,06/05/2023,PPC - EN,2,SHARED,1000,
MILAN,07/05/2023,EN - PPC,6,SHARED,3000,
MILAN,08/05/2023,EN - PPC,4,SHARED,2000,
MILAN,08/05/2023,PPC - EN,2,SHARED,1000,
MILAN,08/05/2023,PICK UP AIRPORT,3,PRIVATE,1000,
BAYVIEW,08/05/2023,PICK UP AIRPORT,2,PRIVATE,1000,
BAYVIEW,08/05/2023,PPC - EN,6,SHARED,3000,
BAYVIEW,08/05/2023,PPC - EN,2,SHARED,1000,
BAYVIEW,09/05/2023,PPC - EN,NULL,PRIVATE,4500,
MILAN,09/05/2023,PPC - EN,4,SHARED,2000,
MILAN,10/05/2023,PPC - EN,5,SHARED,2500,
MILAN,11/05/2023,PPC - EN,6,SHARED,2500,
MILAN,01/06/2023,EN - PPC,2,SHARED,1000,
MILAN,01/06/2023,EN - PPC,2,SHARED,1000,
MILAN,01/06/2023,EN - PPC,2,SHARED,1000,
MILAN,01/06/2023,PPC - EN,6,SHARED,3000,
MILAN,01/06/2023,EN - PPC,2,SHARED,1000,
MILAN,02/06/2023,EN - PPC,2,SHARED,1000,
CORAZON,02/06/2023,PPC - EN,2,PRIVATE,5000,
BAYVIEW,02/06/2023,EN - PPC,7,SHARED,3500,
ONE EL NIDO SUITE,02/06/2023,EN - PPC,3,PRIVATE,5500,
ONE EL NIDO SUITE,02/06/2023,EN - PPC,2,SHARED,1000,
ONE EL NIDO SUITE,02/06/2023,EN - PPC,4,SHARED,2000,
TARAWIS,02/06/2023,OFFICE - SEDA,3,PRIVATE,900,
FHERL,03/06/2023,MILAN GRACE INN,7,SHARED,3150,
FHERL,03/06/2023, FRENDZ HOSTEL,2,SHARED,900,
BAYVIEW,04/06/2023,PICK UP AIRPORT,2,PRIVATE,1000,
BAYVIEW,04/06/2023,DROP OFF AIRPORT,2,PRIVATE,1000,
ST. JOHN,05/06/2023,PPC - EN,1,SHARED,550,
CORAZON,05/06/2023,DALUYON - LIO,2,PRIVATE,8500,
BAYVIEW,06/06/2023,DROP OFF AIRPORT,2,PRIVATE,1000,
BAYVIEW,07/06/2023,PICK UP AIRPORT,4,PRIVATE,1000,
FRENDZ,07/06/2023,PPC - EN,3,SHARED,1500,
FRENDZ,07/06/2023,EN - PPC,1,SHARED,500,
FRENDZ,07/06/2023,EN - PPC,2,SHARED,1000,
FRENDZ,07/06/2023,EN - PPC,2,SHARED,1000,
FRENDZ,07/06/2023,EN - PPC,1,SHARED,500,
FRENDZ,07/06/2023,EN - PPC,2,SHARED,1000,
FRENDZ,07/06/2023,EN - PPC,3,SHARED,1500,
WE GO,07/06/2023,PPC - EN,4,SHARED,2000,
THUMPS UP,08/06/2023,PPC - EN,4,SHARED,2000,
BAYVIEW,08/06/2023,PPC - EN,2,SHARED,1000,
BAYVIEW,08/06/2023,DROP OFF AIRPORT,2,PRIVATE,1000,
TERRA SANCTA,08/06/2023,PICK UP AIRPORT,4,SHARED,1200,
BAYVIEW,09/06/2023,PPC - EN,2,PRIVATE,5000,
BAYVIEW,09/06/2023,PPC - EN,2,SHARED,1000,
BAYVIEW,10/06/2023,PPC - EN,2,SHARED,1000,
BAYVIEW,10/06/2023,EN - PPC,2,SHARED,1000,
BAYVIEW,10/06/2023,EN - PPC,2,SHARED,1000,
BAYVIEW,10/06/2023,EN - PPC,2,SHARED,1000,
TERRA SANCTA,10/06/2023,DROP OFF AIRPORT,2,PRIVATE,1000,
TERRA SANCTA,10/06/2023,DROP OFF AIRPORT,2,PRIVATE,1000,
ONE EL NIDO SUITE,11/06/2023,EN - PPC,4,SHARED,2000,
CORAZON,11/06/2023,PPC - UR - SEDA - LIO,8,PRIVATE,9000,
CORAZON,01/07/2023,DROP OFF AIRPORT,2,PRIVATE,1000,
MARK,01/07/2023,SHERYL MAY INN,2,SHARED,900,
BAYVIEW,01/07/2023,DROP OFF AIRPORT,4,PRIVATE,1000,
FRENDZ,01/07/2023,EN  - PPC,3,SHARED,1500,
FRENDZ,01/07/2023,EN - PPC ,2,SHARED,1000,
WE GO,01/07/2023,EN - PPC,2,SHARED,1000,
TERRA SANCTA,02/07/2023,PPC - EN,2,SHARED,1400,
BAYVIEW,02/07/2023,DROP OFF AIRPORT,3,PRIVATE,1000,
ONE EL NIDO SUITE,02/07/2023,EN - PPC,2,SHARED,1000,
ONE EL NIDO SUITE,02/07/2023,PPC - EN,2,SHARED,1000,
ONE EL NIDO SUITE,02/07/2023,EN - PPC,2,SHARED,1000,
CORAZON,02/07/2023,EN - PPC,2,PRIVATE,7500,
CORAZON,02/07/2023,DROP OFF AIRPORT,4,PRIVATE,1000,
FHERL,02/07/2023,CORAZON INN,2,PRIVATE,6000,
BAYVIEW,02/07/2023,EN - PPC,2,SHARED,1000,
ST. JOHN,02/07/2023,PPC - EN,2,SHARED,1100,
ST. JOHN,04/07/2023,EN - PPC,3,SHARED,5500,
ST. JOHN,07/07/2023,EN - PPC,4,SHARED,2200,
ST. JOHN,07/07/2023,EN - PPC,3,SHARED,1650,
ST. JOHN,07/07/2023,EN - PPC,2,SHARED,1100,
CORAZON,07/07/2023,PPC - EN,1,PRIVATE,5000,
CORAZON,08/07/2023,LIO - NACPAN,2,PRIVATE,3000,
CORAZON,08/07/2023,EN - PPC,1,SHARED,500,
CORAZON,08/07/2023,PPC - TAYTAY,2,PRIVATE,5000,
MARK,08/07/2023,LACASA,2,SHARED,900,
MARK,08/07/2023,MILAN,4,SHARED,1800,
FHERL,09/07/2023,PPC - EN,2,SHARED,900,
FHERL,09/07/2023,FRENDZ HOSTEL,1,SHARED,450,
FHERL,09/07/2023,FRENDZ HOSTEL,1,SHARED,450,
FHERL,09/07/2023,FRENDZ HOSTEL,1,SHARED,450,
TARAWIS,09/07/2023,EN - PPC,1,SHARED,450,
BAYVIEW,10/07/2023,PICK UP AIRPORT,2,PRIVATE,1000,
BAYVIEW,10/07/2023,DROP OFF AIRPORT,3,PRIVATE,1000,
FRENDZ,10/07/2023,EN -PPC,3,SHARED,1500,
FRENDZ,10/07/2023,EN -PPC,1,SHARED,500,
FRENDZ,10/07/2023,EN -PPC,1,SHARED,500,
FRENDZ,12/07/2023,EN -PPC,1,SHARED,500,
FRENDZ,12/07/2023,EN -PPC,1,SHARED,500,
WE GO,01/08/2023,EN - PPC,4,SHARED,2000,
BAYVIEW,01/08/2023,PPC - EN,2,SHARED,1000,
BAYVIEW,01/08/2023,DROP OFF AIRPORT,6,PRIVATE,1000,
CORAZON,01/08/2023,PPC - EN,2,SHARED,1000,
CORAZON,02/08/2023,EN - PPC,2,SHARED,1000,
FHERL,02/08/2023,SAN JOSE,2,SHARED,1100,
FHERL,02/08/2023,FRENDZ HOSTEL,1,SHARED,400,
FHERL,02/08/2023,MILAN GRACE INN,2,SHARED,900,
FHERL,02/08/2023,MILAN GRACE INN,2,SHARED,900,
FHERL,02/08/2023,CORAZON INN,2,SHARED,900,
FHERL,02/08/2023,FRENDZ HOSTEL,3,SHARED,1350,
BAYVIEW,02/08/2023,EN - PPC,11,PRIVATE,6000,
BAYVIEW,02/08/2023,PICK UP AIRPORT,2,PRIVATE,1000,
THUMPS UP,02/08/2023,EN -PPC,1,SHARED,500,
TERRA SANCTA,02/08/2023,PICK UP AIRPORT,2,SHARED,1200,
TERRA SANCTA,05/08/2023,DROP OFF AIRPORT,2,SHARED,1200,
BAYVIEW,05/08/2023,PPC - EN,4,PRIVATE,6000,
BAYVIEW,06/08/2023,EN - PPC,2,SHARED,1000,
ST. JOHN,06/08/2023,DROP OFF AIRPORT,5,PRIVATE,1000,
CORAZON,07/08/2023,PPC - EN,6,PRIVATE,5000,
CORAZON,07/08/2023,PICK UP AIRPORT,5,PRIVATE,1000,
BAYVIEW,08/08/2023,DROP OFF AIRPORT,4,PRIVATE,1000,
BLACKNIGHT,08/08/2023,PPC - EN,2,SHARED,1000,
THUMPS UP,08/08/2023,EN - PPC ,1,SHARED,500,
TERRA SANCTA,08/08/2023,DROP OFF AIRPORT,2,SHARED,1200,
LOFT VILLA,08/08/2023,DROP OFF AIRPORT,2,SHARED,1200,
BAYVIEW,09/08/2023,DROP OFF AIRPORT,2,PRIVATE,1000,
BAYVIEW,09/08/2023,PICK UP AIRPORT,2,PRIVATE,1000,
BAYVIEW,09/08/2023,DROP OFF AIRPORT,2,PRIVATE,1000,
ST. JOHN,10/08/2023,SAN VICENTE,2,SHARED,1100,
CORAZON,10/08/2023,DALUYON - KARUNA,4,PRIVATE,7500,
CORAZON,12/08/2023,DROP OFF AIRPORT,2,PRIVATE,1000,
WE GO,01/09/2023,PPC - EN,9,SHARED,4500,
BAYVIEW,01/09/2023,PICK UP AIRPORT,2,PRIVATE,1000,
BAYVIEW,01/09/2023,PICK UP AIRPORT,5,PRIVATE,1000,
BAYVIEW,01/09/2023,PORT BARTON,2,SHARED,1000,
BLACKNIGHT,01/09/2023,PPC - EN,2,SHARED,1000,
THUMPS UP,01/09/2023,EN - PORT BARTON,2,SHARED,1100,
BLACKNIGHT,01/09/2023,PPC - EN,7,PRIVATE,5000,
THUMPS UP,01/09/2023,EN - PPC ,1,SHARED,500,
TERRA SANCTA,01/09/2023,EN - PPC,3,SHARED,7500,
TERRA SANCTA,02/09/2023,DROP OFF AIRPORT,4,SHARED,1200,
CORAZON,02/09/2023,EN - PPC,4,PRIVATE,5000,
CORAZON,02/09/2023,DROP OFF AIRPORT,8,PRIVATE,2000,
BAYVIEW,02/09/2023,PICK UP AIRPORT,2,PRIVATE,1000,
BAYVIEW,02/09/2023,DROP OFF AIRPORT,2,PRIVATE,1000,
ST. JOHN,02/09/2023,PPC - EN,9,SHARED,4950,
ST. JOHN,02/09/2023,EN - PPC,1,SHARED,550,
CORAZON,02/09/2023,PPC - EN,2,PRIVATE,5000,
CORAZON,02/09/2023,PPC - EN,6,PRIVATE,5000,
CORAZON,02/09/2023,PICK UP AIRPORT,5,PRIVATE,1000,
CORAZON,05/09/2023,PICK UP AIRPORT,6,PRIVATE,1000,
CORAZON,07/09/2023,EN - PPC,3,SHARED,1500,
CORAZON,07/09/2023,EN - PPC,4,SHARED,2000,
CORAZON,07/09/2023,EN - PPC,2,SHARED,1000,
BAYVIEW,07/09/2023,DROP OFF AIRPORT,1,PRIVATE,1000,
BLACKNIGHT,07/09/2023,PPC - EN,2,SHARED,1000,
TERRA SANCTA,08/09/2023,PORT BARTON - EN,2,SHARED,1200,
TERRA SANCTA,08/09/2023,DROP OFF AIRPORT,2,SHARED,1200,
BAYVIEW,09/09/2023,PPC - EN ,2,SHARED,1000,
BAYVIEW,09/09/2023,DROP OFF AIRPORT,2,PRIVATE,1000,
TERRA SANCTA,09/09/2023,SEDA LIO,4,PRIVATE,1200,
ONE EL NIDO SUITE,09/09/2023,PPC - EN,2,SHARED,1000,
CORAZON,10/09/2023,PPC - EN,3,PRIVATE,5000,
CORAZON,11/09/2023,DROP OFF AIRPORT,5,PRIVATE,1000,
CORAZON,11/09/2023,PICK UP AIRPORT,2,PRIVATE,1200,
CORAZON,01/10/2023,EN - PPC,6,PRIVATE,5500,
CORAZON,01/10/2023,EN - PPC,5,SHARED,2700,
CORAZON,01/10/2023,EN - PPC,1,SHARED,500,
CORAZON,02/10/2023,EN - PPC,3,SHARED,1500,
WE GO,02/10/2023,EN - PPC,9,PRIVATE,5500,
BAYVIEW,02/10/2023,PPC - EN,5,PRIVATE,5000,
TERRA SANCTA,02/10/2023,DROP OFF AIRPORT,2,SHARED,1200,
CORAZON,02/10/2023,PPC - EN,2,SHARED,,
CORAZON,02/10/2023,EN - PPC,6,SHARED,3000,
CORAZON,02/10/2023,SEDA LIO,4,SHARED,1000,FORFIETED
BAYVIEW,02/10/2023,PPC - EN,2,SHARED,1000,
BAYVIEW,02/10/2023,PICK UP AIRPORT,4,PRIVATE,1000,
BAYVIEW,02/10/2023,DROP OFF AIRPORT,2,PRIVATE,1000,
BAYVIEW,02/10/2023,DROP OFF AIRPORT,5,PRIVATE,1000,
BAYVIEW,02/10/2023,EN - PPC,2,SHARED,1000,
CORAZON,02/10/2023,PPC - EN,2,PRIVATE,5000,
CORAZON,02/10/2023,EN - PPC,2,SHARED,1000,
CORAZON,02/10/2023,PPC - EN,2,PRIVATE,5000,
CORAZON,02/10/2023,EN - PPC,2,SHARED,1000,
CORAZON,02/10/2023,PPC - EN,9,PRIVATE,5900,
CORAZON,02/10/2023,DROP OFF AIRPORT,6,PRIVATE,1000,
CORAZON,02/10/2023,PICK UP AIRPORT,2,PRIVATE,1200,
TARAWIS,02/10/2023,OFFICE - HUNI,6,PRIVATE,900,
BAYVIEW,05/10/2023,DROP OFF AIRPORT,5,PRIVATE,1000,
BAYVIEW,06/10/2023,DROP OFF AIRPORT,2,PRIVATE,1000,
TERRA SANCTA,06/10/2023,DROP OFF AIRPORT,2,SHARED,1200,
BAYVIEW,07/10/2023,PPC - EN,2,SHARED,1000,
BAYVIEW,07/10/2023,EN - PPC,1,SHARED,500,
TERRA SANCTA,07/10/2023,PICK UP AIRPORT,4,PRIVATE,1200,
ST. JOHN,07/10/2023,PORT BARTON,2,SHARED,1100,
ONE EL NIDO SUITE,08/10/2023,EN - PPC,2,SHARED,1000,
ONE EL NIDO SUITE,08/10/2023,EN - PPC,2,SHARED,1000,
ONE EL NIDO SUITE,08/10/2023,EN - PPC,2,SHARED,1000,
CORAZON,08/10/2023,SABANG - EN,4,PRIVATE,7500,
CORAZON,08/10/2023,PPC - EN,5,PRIVATE,5000,
CORAZON,09/10/2023,PPC - EN,3,SHARED,1500,
CORAZON,09/10/2023,PPC - EN,2,SHARED,1000,
CORAZON,09/10/2023,PPC - EN,2,SHARED,1000,
CORAZON,09/10/2023,PPC - EN,1,SHARED,500,
CORAZON,09/10/2023,EN - PPC,5,PRIVATE,5000,
CORAZON,10/10/2023,EN - PPC,1,SHARED,500,
CORAZON,11/10/2023,DROP OFF AIRPORT,6,PRIVATE,1000,
ROCKVIEW,01/11/2023,EN - PPC,2,SHARED,1000,
BAYVIEW,01/11/2023,PPC - EN,11,PRIVATE,6000,
BAYVIEW,01/11/2023,EN - PPC,4,PRIVATE,5000,
BAYVIEW,01/11/2023,EN - PPC,1,PRIVATE,5000,
BAYVIEW,02/11/2023,EN - PPC,2,SHARED,1000,
BAYVIEW,02/11/2023,PICK UP AIRPORT,2,PRIVATE,1000,
THUMPS UP,02/11/2023,EN - PPC,2,SHARED,1000,
TERRA SANCTA,02/11/2023,EN - PPC,2,SHARED,7000,
CORAZON,02/11/2023,PPC - EN,1,SHARED,500,
CORAZON,02/11/2023,EN - PPC,2,SHARED,1000,
BAYVIEW,02/11/2023,EN - PPC,2,PRIVATE,2000,
TERRA SANCTA,02/11/2023,DROP OFF AIRPORT,4,PRIVATE,1200,
TERRA SANCTA,04/11/2023,PICK UP AIRPORT,4,PRIVATE,1200,
ST. JOHN,05/11/2023,NACPAN/LIO,9,PRIVATE,3500,
CORAZON,05/11/2023,PICK UP AIRPORT,2,PRIVATE,1000,
CORAZON,06/11/2023,EN - PPC,9,SHARED,4500,
CORAZON,06/11/2023,EN - PPC,2,SHARED,1000,
FHERL,06/11/2023,NACPAN/LIO,9,PRIVATE,3000,
BAYVIEW,06/11/2023,PICK UP AIRPORT,2,PRIVATE,1000,
THUMPS UP,07/11/2023,EN - PPC,2,SHARED,1000,
THUMPS UP,07/11/2023,PPC - EN,2,SHARED,1000,
THUMPS UP,08/11/2023,EN - PPC,1,SHARED,500,
THUMPS UP,08/11/2023,EN - PPC ,1,SHARED,500,
TERRA SANCTA,08/11/2023,EN - PPC,2,SHARED,1400,
BAYVIEW,08/11/2023,EN - PPC,2,SHARED,1000,
BAYVIEW,08/11/2023,EN - PPC,2,SHARED,1000,
BAYVIEW,08/11/2023,EN - PPC,2,SHARED,1000,
ST. JOHN,09/11/2023,EN - PPC,3,SHARED,1650,
ONE EL NIDO SUITE,09/11/2023,PORT BARTON,2,SHARED,1200,
CORAZON,09/11/2023,PPC - EN,6,PRIVATE,5000,
CORAZON,10/11/2023,EN - PPC,2,SHARED,1000,
BAYVIEW,10/11/2023,PICK UP AIRPORT,2,PRIVATE,1000,
THUMPS UP,11/11/2023,DROP OFF AIRPORT,9,PRIVATE,1000,
THUMPS UP,11/11/2023,EN - PPC,2,SHARED,1000,
BAYVIEW,12/11/2023,DROP OFF AIRPORT,5,PRIVATE,1000,
TERRA SANCTA,12/11/2023,PICK UP AIRPORT,2,SHARED,1200,
CORAZON,01/12/2023,PORT BARTON,14,PRIVATE,11000,
CORAZON,01/12/2023,PORT - STUNNING,7,PRIVATE,600,
BAYVIEW,01/12/2023,PICK UP AIRPORT,2,PRIVATE,1000,
TERRA SANCTA,01/12/2023,EN - PPC,4,SHARED,2800,
CORAZON,02/12/2023,EN - PPC,14,PRIVATE,11000,
BAYVIEW,02/12/2023,EN - PPC,1,SHARED,500,
FRENDZ,02/12/2023,PPC - EN,3,SHARED,1500,
ONE EL NIDO SUITE,02/12/2023,PPC - EN,2,SHARED,1000,
CORAZON,02/12/2023,PPC - EN,7,PRIVATE,5500,
CORAZON,03/12/2023,PPC - EN,2,PRIVATE,5000,
CORAZON,05/12/2023,DROP OFF AIRPORT,3,PRIVATE,1000,
FRENDZ,05/12/2023,EN - PPC,1,SHARED,500,
FRENDZ,06/12/2023,EN - PPC,3,SHARED,1500,
FRENDZ,06/12/2023,EN - PPC,5,SHARED,2500,
FRENDZ,07/12/2023,EN - PPC,1,SHARED,500,
FRENDZ,07/12/2023,EN - PPC,1,SHARED,500,
TERRA SANCTA,07/12/2023,PICK UP AIRPORT,4,SHARED,1200,
TERRA SANCTA,09/12/2023,PPC - EN,2,SHARED,1400,
CORAZON,09/12/2023,PPC - EN,2,SHARED,1000,
CORAZON,09/12/2023,PPC - EN,2,SHARED,1000,
CORAZON,10/12/2023,PPC - EN,2,SHARED,1000,
CORAZON,10/12/2023,PPC - EN,2,SHARED,1000,
FRENDZ,10/12/2023,PPC - EN,1,SHARED,500,
FRENDZ,01/13/2023,EN - PPC,1,SHARED,500,
FRENDZ,01/14/2023,EN - PPC,2,SHARED,1000,
FRENDZ,01/14/2023,EN - PPC,1,SHARED,500,
FRENDZ,01/14/2023,EN - PPC,1,SHARED,500,
TERRA SANCTA,01/14/2023,PICK UP AIRPORT,2,SHARED,1200,
TERRA SANCTA,01/15/2023,EN - PPC,2,SHARED,1400,
TERRA SANCTA,01/15/2023,PORT BARTON,2,SHARED,1600,
ONE EL NIDO SUITE,01/15/2023,PPC - EN,4,SHARED,2000,
CORAZON,01/15/2023,PICK UP AIRPORT,2,PRIVATE,1000,
FRENDZ,01/16/2023,EN - PPC,4,SHARED,2000,
FRENDZ,01/16/2023,EN - PPC,3,SHARED,1500,
FRENDZ,01/16/2023,EN - PPC,1,SHARED,500,
FRENDZ,01/16/2023,EN - PPC,1,SHARED,500,
FRENDZ,01/16/2023,EN - PPC,1,SHARED,500,
FRENDZ,01/16/2023,EN - PPC,2,SHARED,1000,
FRENDZ,01/16/2023,EN - PPC,1,SHARED,500,
LOFT VILLA,01/16/2023,PICK UP AIRPORT,2,SHARED,1200,
CORAZON,01/16/2023,PPC - EN,2,SHARED,1000,
CORAZON,01/17/2023,PPC - EN,2,SHARED,1000,
BAYVIEW,01/17/2023,ANITSA - BAYVIEW,2,PRIVATE,1000,
BAYVIEW,01/17/2023,EN - PPC,2,PRIVATE,5000,
FRENDZ,01/17/2023,EN - PPC,3,SHARED,1500,
FRENDZ,01/17/2023,EN - PPC,3,SHARED,1500,
BAYVIEW,01/17/2023,PPC - EN,3,SHARED,1500,
FRENDZ,01/17/2023,EN - PPC ,4,SHARED,2000,
FRENDZ,01/17/2023,EN - PPC ,1,SHARED,500,
FRENDZ,01/17/2023,EN - PPC ,1,SHARED,500,
FRENDZ,01/17/2023,EN - PPC ,2,SHARED,1000,
CORAZON,01/17/2023,DROP OFF AIRPORT,2,PRIVATE,1000,
CORAZON,01/18/2023,PICK UP AIRPORT,4,PRIVATE,1000,
BAYVIEW,01/18/2023,DROP OFF AIRPORT,2,PRIVATE,1000,
BAYVIEW,01/18/2023,DROP OFF AIRPORT,2,PRIVATE,1000,
FRENDZ,01/18/2023,EN - PPC,1,SHARED,500,
FRENDZ,01/18/2023,EN - PPC,2,SHARED,1000,
FRENDZ,01/18/2023,EN - PPC,4,SHARED,2000,
FRENDZ,01/18/2023,EN - PPC,1,SHARED,500,
TERRA SANCTA,01/18/2023,DROP OFF AIRPORT,2,SHARED,1200,
LOFT VILLA,01/18/2023,EN - PPC,2,SHARED,1400,
ONE EL NIDO SUITE,01/18/2023,EN - PPC,3,SHARED,1500,
CORAZON,01/18/2023,PPC - EN,3,SHARED,1500,
CORAZON,01/18/2023,DROP OFF AIRPORT,3,PRIVATE,1000,
FRENDZ,01/19/2023,PPC - EN,1,SHARED,500,
FRENDZ,01/19/2023,EN - PPC,2,SHARED,1000,
FRENDZ,01/19/2023,EN - PPC,1,SHARED,500,
FRENDZ,01/19/2023,EN - PPC,1,SHARED,500,
TERRA SANCTA,01/19/2023,DROP OFF AIRPORT,1,SHARED,1200,
CORAZON,01/19/2023,DROP OFF AIRPORT,2,PRIVATE,1000,
CORAZON,01/19/2023,EN - PPC,1,SHARED,500,
BAYVIEW,01/20/2023,PICK UP AIRPORT,3,PRIVATE,1000,
BAYVIEW,01/20/2023,PPC - EN,2,SHARED,1000,
BAYVIEW,01/20/2023,PPC - EN,3,SHARED,1500,
BAYVIEW,01/20/2023,EN - PPC,2,SHARED,1000,
FRENDZ,01/20/2023,EN - PPC,2,SHARED,1000,
FRENDZ,01/21/2023,EN - PPC,2,SHARED,1000,
FRENDZ,01/21/2023,EN - PPC,2,SHARED,1000,
TERRA SANCTA,01/21/2023,DROP OFF AIRPORT,2,SHARED,1200,
ONE EL NIDO SUITE,01/21/2023,PPC - EN,3,SHARED,1500,
ONE EL NIDO SUITE,01/21/2023,PPC - EN,6,SHARED,3000,
CORAZON,01/21/2023,PPC - EN,1,PRIVATE,5000,
CORAZON,01/21/2023,DALUYON - JETTY LIO,2,PRIVATE,8500,
CORAZON,01/21/2023,PPC - EN,1,SHARED,500,
CORAZON,01/22/2023,PPC - EN,2,SHARED,1000,
CORAZON,01/22/2023,PPC - EN,1,SHARED,500,
CORAZON,01/22/2023,PPC - EN,2,SHARED,1100,
CORAZON,01/22/2023,PPC - EN,2,SHARED,1100,
CORAZON,01/22/2023,DROP OFF AIRPORT,4,PRIVATE,1000,
CORAZON,01/22/2023,EN - PPC,1,SHARED,500,
BAYVIEW,01/22/2023,PPC - EN,2,SHARED,1000,
BAYVIEW,01/22/2023,DROP OFF AIRPORT,2,PRIVATE,1000,
FRENDZ,01/22/2023,PPC - EN,2,SHARED,1000,
FRENDZ,01/23/2023,PPC - EN,1,SHARED,500,
FRENDZ,01/23/2023,EN - PPC,1,SHARED,500,
FRENDZ,01/23/2023,EN - PPC,2,SHARED,1000,
FRENDZ,01/23/2023,EN - PPC,1,SHARED,500,
FRENDZ,01/23/2023,EN - PPC,3,SHARED,1500,
FRENDZ,01/23/2023,EN - PPC,3,SHARED,1500,
TERRA SANCTA,01/23/2023,DROP OFF AIRPORT,2,SHARED,500,FORFIETED
TERRA SANCTA,01/23/2023,EN - PPC,2,SHARED,1200,
ONE EL NIDO SUITE,01/23/2023,EN - PPC,2,SHARED,1000,
BAYVIEW,01/23/2023,DROP OFF AIRPORT,2,PRIVATE,1000,
FRENDZ,01/24/2023,EN - PPC,2,SHARED,1000,
FRENDZ,01/24/2023,EN - PPC,2,SHARED,1000,
FRENDZ,01/24/2023,EN - PPC,1,SHARED,500,
FRENDZ,01/24/2023,EN - PPC,1,SHARED,500,
FRENDZ,01/24/2023,EN - PPC,2,SHARED,1000,
FRENDZ,01/24/2023,EN - PPC,1,SHARED,500,
CORAZON,01/24/2023,PORT BARTON - PPC,12,PRIVATE,10000,
BAYVIEW,01/24/2023,EN - PPC,2,PRIVATE,5000,
BAYVIEW,01/24/2023,PICK UP AIRPORT,2,PRIVATE,1000,
FRENDZ,01/24/2023,EN - PPC,1,SHARED,500,
FRENDZ,01/24/2023,EN - PPC,3,SHARED,1500,
FRENDZ,01/24/2023,EN - PPC,3,SHARED,1500,
ONE EL NIDO SUITE,01/24/2023,EN - PPC,2,SHARED,1000,
CORAZON,01/24/2023,ASTORIA - EN,2,PRIVATE,5000,
CORAZON,01/24/2023,EN - PPC,2,PRIVATE,5000,
CORAZON,01/24/2023,PPC - EN,1,SHARED,500,
BAYVIEW,01/24/2023,PICK UP AIRPORT,2,PRIVATE,1000,
BAYVIEW,01/24/2023,EN - PPC,3,SHARED,1000,
BAYVIEW,01/24/2023,EN - PPC,2,SHARED,1000,
BAYVIEW,01/24/2023,PICK UP AIRPORT,2,PRIVATE,1000,
FRENDZ,01/24/2023,PPC - EN,2,SHARED,1000,
FRENDZ,01/25/2023,EN - PPC,1,SHARED,500,
FRENDZ,01/25/2023,EN - PPC,1,SHARED,500,
FRENDZ,01/25/2023,EN - PPC,2,SHARED,1000,
FRENDZ,01/25/2023,EN - PPC,2,SHARED,1000,
FRENDZ,01/25/2023,EN - PPC,1,SHARED,500,
TERRA SANCTA,01/25/2023,DROP OFF AIRPORT,2,SHARED,1200,
TERRA SANCTA,01/25/2023,PICK UP AIRPORT,2,SHARED,1200,
TERRA SANCTA,01/25/2023,EN - PPC,2,SHARED,1400,
CORAZON,01/25/2023,ISLA AMARA - H. HOTEL,2,PRIVATE,1100,
CORAZON,01/25/2023,PICK UP AIRPORT,3,PRIVATE,1000,
BAYVIEW,01/26/2023,DROP OFF AIRPORT,2,PRIVATE,1000,
BAYVIEW,01/26/2023,PICK UP AIRPORT,3,PRIVATE,1000,
BAYVIEW,01/26/2023,DROP OFF AIRPORT,2,PRIVATE,1000,
FRENDZ,01/26/2023,EN - PPC,2,SHARED,1000,
FRENDZ,01/26/2023,EN - PPC,1,SHARED,500,
ONE EL NIDO SUITE,01/26/2023,PPC - EN,3,SHARED,1500,
CORAZON,01/27/2023,PPC - EN,4,PRIVATE,5000,
CORAZON,01/27/2023,HOTEL - PORT,2,PRIVATE,500,
CORAZON,01/27/2023,EN - PPC,2,SHARED,1100,
CORAZON,01/27/2023,EN - PPC,4,SHARED,2100,
BAYVIEW,01/27/2023,DROP OFF AIRPORT,2,PRIVATE,1000,
BAYVIEW,01/27/2023,DROP OFF AIRPORT,2,PRIVATE,1000,
BAYVIEW,01/27/2023,EN - PPC,3,SHARED,1500,
FRENDZ,01/27/2023,PPC - EN,1,SHARED,500,
FRENDZ,01/27/2023,EN - PPC,4,SHARED,2000,
FRENDZ,01/27/2023,EN - PPC,2,SHARED,1000,
FRENDZ,01/27/2023,EN - PPC,2,SHARED,1000,
FRENDZ,01/27/2023,EN - PPC,1,SHARED,500,
LOFT VILLA,01/27/2023,PPC - EN,2,SHARED,7000,
ONE EL NIDO SUITE,01/27/2023,PPC - EN,4,SHARED,2000,
CORAZON,01/28/2023,PPC - EN,2,PRIVATE,5000,
CORAZON,01/28/2023,PPC - EN,3,SHARED,1500,
CORAZON,01/28/2023,EN - PPC,2,SHARED,1000,
TARAWIS,01/28/2023,EN - PPC,1,PRIVATE,5000,
FHERL,01/28/2023,FRENDZ HOSTEL,2,SHARED,900,
FHERL,01/28/2023,PPC - EN,1,SHARED,450,
FHERL,01/28/2023,MILAN GRACE INN,10,PRIVATE,5000,
BAYVIEW,01/28/2023,PICK UP AIRPORT,2,PRIVATE,1000,
FRENDZ,01/28/2023,PPC - EN,2,SHARED,1000,
FRENDZ,01/28/2023,EN - PPC,2,SHARED,1000,
ONE EL NIDO SUITE,01/29/2023,PORT BARTON,2,SHARED,1200,
CORAZON,01/29/2023,PICK UP AIRPORT,4,PRIVATE,1000,
CORAZON,01/29/2023,PICK UP AIRPORT,6,PRIVATE,1000,
PANORAMA,01/29/2023,EN - PPC,2,SHARED,1000,
TARAWIS,01/29/2023,SEDA - OFFICE,3,PRIVATE,900,
BAYVIEW,01/29/2023,DROP OFF AIRPORT,2,PRIVATE,1000,
BAYVIEW,01/29/2023,PICK UP AIRPORT,2,PRIVATE,1000,
FRENDZ,01/29/2023,EN - PPC,1,SHARED,500,
FRENDZ,01/29/2023,EN - PPC,6,SHARED,3000,
FRENDZ,01/29/2023,EN - PPC,3,SHARED,1500,
TERRA SANCTA,01/29/2023,PORT,2,SHARED,500,
ST. JOHN,01/29/2023,EN - PPC,3,SHARED,1650,
ST. JOHN,01/29/2023,PICK UP AIRPORT,4,PRIVATE,1000,
ONE EL NIDO SUITE,01/30/2023,EN - PPC,2,SHARED,1000,
CORAZON,01/30/2023,PPC - EN,2,PRIVATE,5000,
CORAZON,01/30/2023,EN - PPC,2,SHARED,1000,
CORAZON,01/30/2023,SEDA - MARBERS,6,PRIVATE,1000,
CORAZON,01/30/2023,MARBERS - SEDA,6,PRIVATE,1000,
ROCKVIEW,01/30/2023,PPC - EN,6,SHARED,3000,
ROCKVIEW,01/30/2023,PPC - EN,1,SHARED,500,
BAYVIEW,01/30/2023,EN - PPC,12,PRIVATE,6000,
BAYVIEW,01/30/2023,EN - PPC,3,PRIVATE,5000,
BAYVIEW,01/30/2023,EN - PPC,2,SHARED,1000,
BAYVIEW,01/30/2023,PICK UP AIRPORT,4,PRIVATE,1000,
BAYVIEW,01/30/2023,PICK UP AIRPORT,2,PRIVATE,1000,
BAYVIEW,01/31/2023,PICK UP AIRPORT,4,PRIVATE,1000,
BAYVIEW,01/31/2023,DROP OFF AIRPORT,2,PRIVATE,1000,
TERRA SANCTA,01/31/2023,PPC - EN,1,SHARED,500,
ST. JOHN,01/31/2023,PPC - EN,5,PRIVATE,5500,
ST. JOHN,01/31/2023,EN - PPC,1,SHARED,550,
ST. JOHN,01/31/2023,EN - PPC,9,SHARED,4950,
ONE EL NIDO SUITE,01/31/2023,EN - PPC,2,PRIVATE,5000,
CORAZON,01/31/2023,PPC - EN,4,PRIVATE,5000,
CORAZON,01/31/2023,DROP OFF AIRPORT,2,PRIVATE,1000,
CORAZON,01/31/2023,SEA COCOON - PORT,2,PRIVATE,100,
CORAZON,02/13/2023,EN - PPC,2,SHARED,1000,
TARAWIS,02/13/2023,MALVAR - EN,1,SHARED,450,
BAYVIEW,02/13/2023,PPC - EN,2,SHARED,1000,
BAYVIEW,02/13/2023,PICK UP AIRPORT,2,SHARED,1000,
BAYVIEW,02/13/2023,PICK UP AIRPORT,2,PRIVATE,1000,
BAYVIEW,02/13/2023,DROP OFF AIRPORT,2,PRIVATE,1000,
TERRA SANCTA,02/13/2023,DROP OFF AIRPORT,3,SHARED,1200,
ONE EL NIDO SUITE,02/13/2023,TO SAN VICENTE,2,SHARED,1200,
CORAZON,02/13/2023,EN - PPC,20,PRIVATE,16500,
CORAZON,02/13/2023,DROP OFF AIRPORT,2,PRIVATE,1000,
BAYVIEW,02/13/2023,DROP OFF AIRPORT,2,PRIVATE,1000,
BAYVIEW,02/13/2023,DROP OFF AIRPORT,2,PRIVATE,1000,
BAYVIEW,02/13/2023,PICK UP AIRPORT,2,PRIVATE,1000,
TERRA SANCTA,02/13/2023,DROP OFF AIRPORT,4,SHARED,1200,
TERRA SANCTA,02/13/2023,SOUTH ANCHOR - HAPPINESS,2,PRIVATE,800,
TERRA SANCTA,02/13/2023,PART BARTON,5,SHARED,3000,
ST. JOHN,02/13/2023,PPC - EN,8,PRIVATE,5500,
ST. JOHN,02/14/2023,DROP OFF AIRPORT,2,PRIVATE,1000,
CORAZON,02/14/2023,PPC - EN,7,PRIVATE,5500,
CORAZON,02/14/2023,PPC - EN,7,PRIVATE,5500,
TARAWIS,02/14/2023,DROP OFF AIRPORT,2,PRIVATE,900,
BAYVIEW,02/14/2023,DROP OFF AIRPORT,4,PRIVATE,1000,
BAYVIEW,02/14/2023,EN - PPC,2,SHARED,1000,
FRENDZ,02/14/2023,EN - PPC,1,SHARED,500,
FRENDZ,02/14/2023,EN - PPC,1,SHARED,500,
FRENDZ,02/14/2023,EN - PPC,3,SHARED,1500,
FRENDZ,02/14/2023,EN - PPC,1,SHARED,500,
TERRA SANCTA,02/14/2023,PICK UP AIRPORT,2,PRIVATE,1000,
TERRA SANCTA,02/14/2023,EN - PPC,2,SHARED,1000,
TERRA SANCTA,02/14/2023,EN - PPC,2,SHARED,1000,
ST. JOHN,02/14/2023,EN - PPC,2,SHARED,1100,
ST. JOHN,02/15/2023,NACPAN/LIO,5,PRIVATE,3500,
ST. JOHN,02/15/2023,EN - PPC,5,PRIVATE,5500,
CORAZON,02/15/2023,PICK UP AIRPORT,2,PRIVATE,1000,
CORAZON,02/15/2023,EN - PPC,7,PRIVATE,5500,
CORAZON,02/15/2023,EN - PPC,2,SHARED,1000,
CORAZON,02/15/2023,EN - PPC,3,SHARED,1500,
CORAZON,02/15/2023,EN - PPC,7,SHARED,3500,
TARAWIS,02/16/2023,DROP OFF AIRPORT,2,PRIVATE,900,
BAYVIEW,02/16/2023,DROP OFF AIRPORT,2,PRIVATE,1000,
BAYVIEW,02/16/2023,PICK UP AIRPORT,2,PRIVATE,1000,
BAYVIEW,02/16/2023,PICK UP AIRPORT,2,PRIVATE,1000,
BAYVIEW,02/16/2023,DROP OFF AIRPORT,2,PRIVATE,1000,
FRENDZ,02/16/2023,EN - PPC,1,SHARED,500,
FRENDZ,02/16/2023,EN - PPC,1,SHARED,500,
FRENDZ,02/16/2023,EN - PPC,1,SHARED,500,
FRENDZ,02/16/2023,EN - PPC,1,SHARED,500,
FRENDZ,02/16/2023,EN - PPC,1,SHARED,500,
TERRA SANCTA,02/16/2023,DROP OFF AIRPORT,4,PRIVATE,1000,
TERRA SANCTA,02/16/2023,PICK UP AIRPORT,2,PRIVATE,1000,
CORAZON,02/16/2023,PPC - EN,10,PRIVATE,10000,
CORAZON,02/16/2023,PORT - HOTEL,2,PRIVATE,600,
CORAZON,02/17/2023,EN - PPC,2,SHARED,1000,
TARAWIS,02/17/2023,EN - PPC,1,SHARED,450,
ROCKVIEW,02/17/2023,PPC - EN,2,SHARED,1000,
ROCKVIEW,02/17/2023,PPC - EN,2,SHARED,1000,
ROCKVIEW,02/17/2023,EN - PPC,6,SHARED,3000,
ROCKVIEW,02/17/2023,EN - PPC,6,SHARED,3000,
ROCKVIEW,02/17/2023,EN - PPC,2,SHARED,1000,
TROPICAL ,02/17/2023,PORT BARTON,2,SHARED,1000,
BAYVIEW,02/17/2023,EN - PPC,4,SHARED,2000,
BAYVIEW,02/17/2023,EN - PPC,2,SHARED,1000,
FRENDZ,02/17/2023,PPC - EN,1,SHARED,500,
FRENDZ,02/17/2023,EN - PPC,1,SHARED,500,
TERRA SANCTA,02/17/2023,EN - PPC,2,SHARED,1000,
ONE EL NIDO SUITE,02/17/2023,EN - PPC,2,SHARED,1000,
CORAZON,02/17/2023,PPC - EN,4,PRIVATE,5000,
CORAZON,02/17/2023,PPC - EN,8,PRIVATE,5500,
CORAZON,02/17/2023,PPC - EN,2,SHARED,1000,
CORAZON,02/17/2023,PPC - EN,2,SHARED,1000,
CORAZON,02/17/2023,ISLA A. - MARBERS,12,PRIVATE,3000,
CORAZON,02/17/2023,EN - PPC,2,SHARED,1000,
FHERL,02/17/2023,MILAN GRACE INN,6,SHARED,2700,
FHERL,02/18/2023,MILAN GRACE INN,5,SHARED,2250,
BAYVIEW,02/18/2023,DROP OFF AIRPORT,4,PRIVATE,1000,
BAYVIEW,02/18/2023,DROP OFF AIRPORT,2,PRIVATE,1000,
FRENDZ,02/18/2023,EN - PPC,2,SHARED,1000,
FRENDZ,02/18/2023,EN - PPC,1,SHARED,500,
FRENDZ,02/18/2023,EN - PPC,2,SHARED,1000,
FRENDZ,02/18/2023,EN - PPC,1,SHARED,500,
FRENDZ,02/18/2023,EN - PPC,1,SHARED,500,
FRENDZ,02/18/2023,EN - PPC,1,SHARED,500,
FRENDZ,02/18/2023,EN - PPC,2,SHARED,1000,
FRENDZ,02/18/2023,EN - PPC,1,SHARED,500,
FRENDZ,02/18/2023,EN - PPC,1,SHARED,500,
ST. JOHN,02/18/2023,EN - PPC,8,PRIVATE,5500,
ONE EL NIDO SUITE,02/18/2023,PPC - EN,2,SHARED,1000,
ONE EL NIDO SUITE,02/18/2023,PPC - EN,2,SHARED,1000,
ONE EL NIDO SUITE,02/18/2023,EN - PPC,2,SHARED,1000,
CORAZON,02/19/2023,PPC - UR - EN,5,PRIVATE,8000,
CORAZON,02/19/2023,PICK UP AIRPORT,4,PRIVATE,1000,
CORAZON,02/19/2023,PICK UP AIRPORT,2,PRIVATE,1000,
CORAZON,02/19/2023,EN - PPC,7,PRIVATE,5500,
CORAZON,02/19/2023,EN - PPC,2,PRIVATE,1000,
ROCKVIEW,02/19/2023,PPC - EN,6,PRIVATE,5000,
ROCKVIEW,02/19/2023,PPC - EN,3,SHARED,1500,
ROCKVIEW,02/19/2023,PPC - EN,2,SHARED,1000,
ROCKVIEW,02/19/2023,EN - PPC,2,SHARED,1000,
TROPICAL ,02/19/2023,EN - PPC,4,SHARED,2000,
BAYVIEW,02/19/2023,PPC - EN,2,PRIVATE,5000,
BAYVIEW,02/19/2023,DROP OFF AIRPORT,2,PRIVATE,1000,
BAYVIEW,02/19/2023,PICK UP AIRPORT,2,PRIVATE,1000,
BAYVIEW,02/19/2023,PICK UP AIRPORT,2,PRIVATE,1000,
FRENDZ,02/19/2023,EN - PPC,6,SHARED,3000,
FRENDZ,02/19/2023,EN - PPC,2,SHARED,1000,
FRENDZ,02/19/2023,EN - PPC,3,SHARED,1500,
FRENDZ,02/19/2023,EN - PPC,1,SHARED,500,
FRENDZ,02/19/2023,EN - PPC,1,SHARED,500,
FRENDZ,02/19/2023,EN - PPC,2,SHARED,1000,
FRENDZ,02/19/2023,EN - PPC,1,SHARED,500,
FRENDZ,02/20/2023,EN - PPC,1,SHARED,500,
FRENDZ,02/20/2023,EN - PPC,2,SHARED,1000,
TERRA SANCTA,02/20/2023,DROP OFF AIRPORT,2,PRIVATE,1000,
TERRA SANCTA,02/20/2023,EN - PPC,2,SHARED,1000,
ONE EL NIDO SUITE,02/20/2023,EN - PPC,2,SHARED,1000,
ONE EL NIDO SUITE,02/20/2023,EN - PPC,2,SHARED,1000,
ONE EL NIDO SUITE,02/20/2023,EN - PPC,2,SHARED,1000,
CORAZON,02/20/2023,PICK UP AIRPORT,4,PRIVATE,1000,
TARAWIS,02/20/2023,PPC - EN,8,PRIVATE,5000,
FHERL,02/20/2023,MILAN GRACE INN,7,SHARED,2700,
FHERL,02/20/2023,ONE EL NIDO SUITE,2,SHARED,900,
ROCKVIEW,02/20/2023,PPC - EN,20,SHARED,11000,
BAYVIEW,02/20/2023,PICK UP AIRPORT,4,PRIVATE,1000,
BAYVIEW,02/20/2023,DROP OFF AIRPORT,2,PRIVATE,1000,
BAYVIEW,02/20/2023,EN - PPC,2,PRIVATE,5000,
BAYVIEW,02/20/2023,EN - PPC,1,SHARED,500,
FRENDZ,02/20/2023,PPC - EN,1,SHARED,500,
FRENDZ,02/20/2023,EN - PPC,2,SHARED,1000,
FRENDZ,02/20/2023,EN - PPC,2,SHARED,1000,
FRENDZ,02/20/2023,EN - PPC,2,SHARED,500,
FRENDZ,02/20/2023,EN - PPC,3,SHARED,1500,
FRENDZ,02/20/2023,EN - PPC,1,SHARED,500,
FRENDZ,02/20/2023,EN - PPC,1,SHARED,500,
FRENDZ,02/20/2023,EN - PPC,3,SHARED,1500,
FRENDZ,02/20/2023,EN - PPC,2,SHARED,1000,
TERRA SANCTA,02/20/2023,EN - PPC,1,SHARED,700,
ST. JOHN,02/20/2023,EN - PPC,2,PRIVATE,5000,
ST. JOHN,02/21/2023,EN - PPC,2,SHARED,1100,
ONE EL NIDO SUITE,02/21/2023,EN - PPC,4,SHARED,2000,
ONE EL NIDO SUITE,02/21/2023,PORT BARTON,2,SHARED,1200,
CORAZON,02/21/2023,PPC - EN,1,SHARED,500,
CORAZON,02/21/2023,TO HUNI LIO,1,PRIVATE,1000,
CORAZON,02/21/2023,DROP OFF AIRPORT,2,PRIVATE,1000,
TARAWIS,02/21/2023,PPC - UR - PORT BARTON,2,PRIVATE,7000,
ROCKVIEW,02/21/2023,EN - PPC,3,SHARED,1500,
BAYVIEW,02/21/2023,PICK UP AIRPORT,2,PRIVATE,1000,
BAYVIEW,02/21/2023,DROP OFF AIRPORT,2,PRIVATE,1000,
BAYVIEW,02/21/2023,EN - PPC,2,SHARED,1000,
BAYVIEW,02/21/2023,EN - PPC,3,SHARED,1500,
FRENDZ,02/21/2023,EN - PPC,1,SHARED,500,
FRENDZ,02/21/2023,EN - PPC,2,SHARED,1000,
FRENDZ,02/21/2023,EN - PPC,1,SHARED,500,
FRENDZ,02/21/2023,EN - PPC,2,SHARED,1000,
TERRA SANCTA,02/21/2023,EN - PPC,2,SHARED,1000,
CORAZON,02/21/2023,PPC - EN,2,SHARED,1000,
CORAZON,02/21/2023,PPC - EN,3,SHARED,1500,
CORAZON,02/21/2023,PPC - EN,1,SHARED,500,
CORAZON,02/21/2023,DROP OFF AIRPORT,5,PRIVATE,1200,
CORAZON,02/21/2023,PICK UP AIRPORT,2,PRIVATE,1000,
CORAZON,02/21/2023,EN - PPC,2,SHARED,1000,
TARAWIS,02/22/2023,PPC - EN,1,SHARED,450,
FHERL,02/22/2023,MILAN GRACE INN,4,SHARED,1800,
FHERL,02/22/2023,VELLAGO RESORT,2,SHARED,900,
FHERL,02/22/2023,BAYVIEW HOTEL,2,SHARED,900,
FHERL,02/22/2023,PPC - EN,4,SHARED,1800,
ROCKVIEW,02/22/2023,PPC - EN,2,SHARED,1000,
ROCKVIEW,02/22/2023,PPC - EN,2,SHARED,1000,
ROCKVIEW,02/22/2023,EN - PPC,7,SHARED,3500,
BAYVIEW,02/22/2023,PPC - EN,2,SHARED,1000,
BAYVIEW,02/22/2023,DROP OFF AIRPORT,2,PRIVATE,1000,
BAYVIEW,02/22/2023,DROP OFF AIRPORT,5,PRIVATE,1000,
BAYVIEW,02/22/2023,DROP OFF AIRPORT,2,PRIVATE,1000,
FRENDZ,02/22/2023,EN - PPC,3,SHARED,1500,
FRENDZ,02/22/2023,EN - PPC,1,SHARED,500,
FRENDZ,02/22/2023,EN - PPC,2,SHARED,1000,
FRENDZ,02/22/2023,EN - PPC,1,SHARED,500,
FRENDZ,02/22/2023,EN - PPC,1,SHARED,500,
TERRA SANCTA,02/22/2023,EN - PPC,2,SHARED,1000,
TERRA SANCTA,02/23/2023,EN - PPC,2,SHARED,1000,
ST. JOHN,02/23/2023,PPC - EN,3,SHARED,1650,
ST. JOHN,02/23/2023,EN - PPC,3,SHARED,1650,
ONE EL NIDO SUITE,02/23/2023,PPC - EN,2,SHARED,1000,
ONE EL NIDO SUITE,02/23/2023,EN - PPC,2,SHARED,1000,
ONE EL NIDO SUITE,02/23/2023,TO SAN VICENTE,2,SHARED,1200,
CORAZON,02/23/2023,DROP OFF AIRPORT,4,PRIVATE,1100,
TARAWIS,02/23/2023,JURIAS,1,SHARED,450,
FHERL,02/23/2023,MILAN GRACE INN,9,SHARED,4050,
FHERL,02/23/2023,PPC - EN,2,SHARED,900,
TROPICAL ,02/23/2023,EN - PPC,3,SHARED,1500,
BAYVIEW,02/23/2023,PPC - EN,4,SHARED,2000,
BAYVIEW,02/23/2023,PICK UP AIRPORT,4,PRIVATE,1000,
BAYVIEW,02/23/2023,EN - PPC,2,PRIVATE,5000,
FRENDZ,02/23/2023,EN - PPC,2,SHARED,1000,
FRENDZ,02/23/2023,EN - PPC,1,SHARED,500,
FRENDZ,02/23/2023,EN - PPC,1,SHARED,500,
FRENDZ,02/23/2023,EN - PPC,1,SHARED,500,
FRENDZ,02/23/2023,EN - PPC,1,SHARED,500,
FRENDZ,02/23/2023,EN - PPC,1,SHARED,500,
FRENDZ,02/23/2023,EN - PPC,2,SHARED,1000,
TERRA SANCTA,02/23/2023,PICK UP AIRPORT,2,PRIVATE,1000,
ST. JOHN,02/23/2023,PORT BARTON,2,SHARED,1100,
ONE EL NIDO SUITE,02/23/2023,PPC - EN,2,SHARED,1000,
ONE EL NIDO SUITE,02/24/2023,EN - PPC,2,SHARED,1000,
FHERL,02/24/2023,NACPAN/LIO,2,PRIVATE,6000,
ROCKVIEW,02/24/2023,PPC - EN,4,SHARED,2000,
BAYVIEW,02/24/2023,DROP OFF AIRPORT,4,PRIVATE,1000,
BAYVIEW,02/24/2023,DROP OFF AIRPORT,2,PRIVATE,1000,
BAYVIEW,02/24/2023,PICK UP AIRPORT,4,PRIVATE,1000,
BAYVIEW,02/24/2023,EN - PPC,2,SHARED,1000,
FRENDZ,02/24/2023,EN - PPC,2,SHARED,1000,
FRENDZ,02/24/2023,EN - PPC,3,SHARED,1500,
FRENDZ,02/24/2023,EN - PPC,1,SHARED,500,
FRENDZ,02/24/2023,EN - PPC,3,SHARED,1500,
ST. JOHN,02/24/2023,PPC - EN,7,SHARED,3850,
TARAWIS,02/24/2023,EN - PPC,1,SHARED,450,
BAYVIEW,02/24/2023,PICK UP AIRPORT,3,PRIVATE,1000,
BAYVIEW,02/24/2023,DROP OFF AIRPORT,2,PRIVATE,1000,
BAYVIEW,02/24/2023,EN - PPC,2,SHARED,1000,
FRENDZ,02/24/2023,EN - PPC,3,SHARED,1500,
FRENDZ,02/24/2023,EN - PPC,1,SHARED,500,
FRENDZ,02/24/2023,EN - PPC,1,SHARED,500,
FRENDZ,02/24/2023,EN - PPC,1,SHARED,500,
FRENDZ,02/24/2023,EN - PPC,2,SHARED,1000,
ST. JOHN,02/24/2023,EN - PPC,3,SHARED,1650,
ST. JOHN,02/25/2023,EN - PPC,2,SHARED,1650,
ST. JOHN,02/25/2023,EN - PPC,2,SHARED,1100,
CORAZON,02/25/2023,DROP OFF AIRPORT,2,PRIVATE,1000,
TARAWIS,02/25/2023,PICK UP AIRPORT,7,PRIVATE,900,FORFIETED
BAYVIEW,02/25/2023,DROP OFF AIRPORT,2,PRIVATE,1000,
BAYVIEW,02/25/2023,DROP OFF AIRPORT,4,PRIVATE,1000,
BAYVIEW,02/25/2023,EN - PPC,4,PRIVATE,2000,
BAYVIEW,02/25/2023,EN - PPC,5,SHARED,2500,
FRENDZ,02/25/2023,PPC - EN,3,SHARED,1350,
FRENDZ,02/25/2023,EN - PPC,2,SHARED,1000,
FRENDZ,02/25/2023,EN - PPC,1,SHARED,500,
FRENDZ,02/25/2023,EN - PPC,1,SHARED,500,
FRENDZ,02/25/2023,EN - PPC,4,SHARED,2000,
FRENDZ,02/25/2023,EN - PPC,1,SHARED,500,
FRENDZ,02/26/2023,EN - PPC,1,SHARED,500,
FRENDZ,02/26/2023,EN - PPC,1,SHARED,500,
FRENDZ,02/26/2023,EN - PPC,2,SHARED,1000,
TERRA SANCTA,02/26/2023,PPC - EN,2,PRIVATE,2000,
ST. JOHN,02/26/2023,EN - PPC,2,SHARED,1100,
CORAZON,02/26/2023,PPC - EN,4,SHARED,2600,
BAYVIEW,02/26/2023,EN - PPC,2,PRIVATE,5000,
BAYVIEW,02/26/2023,PPC - EN,2,PRIVATE,5000,
FRENDZ,02/26/2023,EN - PPC,2,SHARED,1000,
TERRA SANCTA,02/26/2023,DROP OFF AIRPORT,2,SHARED,1000,
ST. JOHN,02/27/2023,PPC - EN,9,PRIVATE,6000,
ST. JOHN,02/27/2023,PPC - EN,9,SHARED,4950,
ST. JOHN,02/27/2023,PORT BARTON,2,SHARED,1100,
ONE EL NIDO SUITE,02/27/2023,PPC - EN,3,SHARED,1500,
ONE EL NIDO SUITE,02/27/2023,PPC - EN,3,SHARED,1500,
ONE EL NIDO SUITE,02/27/2023,EN - PPC,2,SHARED,1000,
ONE EL NIDO SUITE,02/27/2023,EN - PPC,2,SHARED,1000,
CORAZON,02/27/2023,EN - PPC,2,PRIVATE,5000,
FHERL,02/27/2023,ONE EL NIDO SUITE,2,SHARED,900,
FHERL,02/27/2023,LOLO OYONG PANDING INN,2,SHARED,900,
FHERL,02/27/2023,FAITH RICA PENSION,4,SHARED,1800,
FHERL,02/27/2023,MILAN GRACE INN,2,SHARED,900,
BAYVIEW,02/27/2023,PPC - EN,2,SHARED,1000,
BAYVIEW,02/27/2023,EN - PPC,2,SHARED,1000,
FRENDZ,02/27/2023,EN - PPC,3,SHARED,1500,
FRENDZ,02/27/2023,EN - PPC,4,SHARED,2000,
FRENDZ,02/27/2023,EN - PPC,2,SHARED,1000,
THUMPS UP,02/27/2023,EN - PORT BARTON,2,SHARED,1100,
THUMPS UP,02/28/2023,INLAND TOUR,2,PRIVATE,3500,
THUMPS UP,02/28/2023,EN - PPC,2,SHARED,1000,
BLACKNIGHT,02/28/2023,PPC - EN,2,SHARED,1000,
THUMPS UP,02/28/2023,EN - PORT BARTON,2,SHARED,1100,
BLACKNIGHT,02/28/2023,PPC - EN,2,SHARED,1000,
THUMPS UP,02/28/2023,EN -  ROXAS,2,SHARED,700,
BLACKNIGHT,02/29/2023,PPC - EN,9,SHARED,4500,
THUMPS UP,02/29/2023,PICK UP AIRPORT,8,PRIVATE,1000,
THUMPS UP,02/29/2023,EN - PART BARTON,2,SHARED,1100,
THUMPS UP,02/29/2023,EN - ROXAS,2,SHARED,700,
BLACKNIGHT,02/29/2023,EN - PPC,1,SHARED,200,
THUMPS UP,02/29/2023,EN - ROXAS,1,SHARED,350,
BLACKNIGHT,02/29/2023,PPC - EN,2,SHARED,1000,
THUMPS UP,02/29/2023,EN - PPC,2,SHARED,1000,
THUMPS UP,02/29/2023,EN - PPC,7,PRIVATE,5500,
THUMPS UP,02/29/2023,PPC - EN,3,SHARED,1500,
THUMPS UP,02/29/2023,EN - PPC,3,SHARED,1500,
THUMPS UP,02/29/2023,PPC - EN,3,SHARED,1500,
THUMPS UP,02/29/2023,EN - PPC,3,SHARED,1500,
THUMPS UP,02/29/2023,DROP OFF AIRPORT,12,PRIVATE,1000,
THUMPS UP,02/29/2023,PPC - EN,7,SHARED,3000,
THUMPS UP,02/29/2023,PICK UP AIRPORT,8,PRIVATE,1000,
WE GO,02/29/2023,PPC - EN,2,SHARED,1000,
THUMPS UP,02/29/2023,EN - PPC,7,SHARED,3000,
WE GO,03/13/2023,EN - PPC,2,SHARED,1000,
THUMPS UP,03/14/2023,EN - PPC,2,SHARED,1000,
THUMPS UP,03/15/2023,EN - PORT BARTON,2,SHARED,1000,
THUMPS UP,03/16/2023,EN - PPC,2,SHARED,1000,
THUMPS UP,03/16/2023,PPC - EN,2,SHARED,1000,
THUMPS UP,03/17/2023,EN - PPC,2,SHARED,1000,
THUMPS UP,03/17/2023,EN - PPC,2,SHARED,1000,
THUMPS UP,03/18/2023,EN - PPC,2,SHARED,1000,
THUMPS UP,03/18/2023,EN - PPC,2,SHARED,1000,
THUMPS UP,03/20/2023,EN - PPC,4,SHARED,2000,
WE GO,03/21/2023,PPC - EN,2,SHARED,1000,
MILAN,03/22/2023,PPC - EN,4,SHARED,2000,
MILAN,03/22/2023,PPC - EN,5,SHARED,2500,
MILAN,03/27/2023,PPC - EN,4,SHARED,2000,
MILAN,04/16/2023,EN - PPC,9,PRIVATE,5000,
MILAN,04/18/2023,EN - PPC,2,SHARED,1000,
MILAN,04/22/2023,PPC - EN,7,PRIVATE,5000,
MILAN,04/25/2023,PPC - EN,2,SHARED,1000,
MILAN,04/28/2023,PPC - EN,4,SHARED,2000,
MILAN,04/30/2023,EN - PPC,7,SHARED,3000,
MILAN,05/13/2023,EN - PPC,6,SHARED,3000,
MILAN,05/13/2023,EN - PPC,4,SHARED,2000,
MILAN,05/13/2023,PPC - EN,4,SHARED,2000,
MILAN,05/13/2023,PPC - EN,6,SHARED,3000,
MILAN,05/14/2023,PPC - EN,2,SHARED,1000,
MILAN,05/14/2023,EN - PPC,6,SHARED,2500,
MILAN,05/14/2023,EN - PPC,5,SHARED,2500,
MILAN,05/14/2023,EN - PPC,5,SHARED,2500,
MILAN,05/15/2023,PPC - EN,7,SHARED,1500,
MILAN,05/16/2023,EN - PPC,8,PRIVATE,5000,
MILAN,05/16/2023,EN - PPC,4,SHARED,2000,
MILAN,05/16/2023,EN - PPC,2,SHARED,1000,
MILAN,05/18/20223,PPC - EN,20,PRIVATE,10000,
MILAN,05/18/2023,PPC - EN,5,SHARED,2500,
MILAN,05/19/2023,PPC - EN,6,SHARED,3000,
MILAN,05/20/2023,EN - PPC,4,SHARED,2000,
MILAN,05/20/2023,EN - PPC,4,SHARED,2000,
MILAN,05/21/2023,EN - PPC,2,SHARED,1000,
MILAN,05/21/2023,PPC - EN,9,SHARED,4500,
MILAN,05/21/2023,PPC - EN,5,SHARED,2500,
MILAN,05/22/2023,EN - PPC,6,SHARED,3000,
MILAN,05/24/2023,EN - PPC,7,SHARED,2000,
MILAN,05/24/2023,PPC - EN,2,SHARED,1000,
MILAN,05/25/2023,INLAND TOUR,6,PRIVATE,4000,
MILAN,05/26/2023,EN - PPC,6,SHARED,3000,
THUMPS UP,05/26/2023,PPC - EN,8,SHARED,3500,
MILAN,05/28/2023,PPC - EN,2,SHARED,1000,
MILAN,05/29/2023,PPC - EN,2,SHARED,1000,
MILAN,05/31/2023,PPC - EN,7,SHARED,2500,
MILAN,05/31/2023,EN - PPC,20,PRIVATE,10000,
MILAN,05/31/2023,EN - PPC,5,SHARED,2500,
MILAN,06/13/2023,PPC - EN,13,PRIVATE,5000,
MILAN,06/13/2023,PPC - EN,9,SHARED,4500,
MILAN,06/13/2023,EN - PPC,9,SHARED,4500,
MILAN,06/14/2023,EN - PPC,2,SHARED,1000,
MILAN,06/15/2023,EN - PPC,5,SHARED,2500,
MILAN,06/18/2023,PPC - EN,5,SHARED,2500,
MILAN,06/20/2023,PICK UP AIRPORT,2,PRIVATE,1000,
MILAN,06/21/2023,EN - PPC,2,SHARED,1000,
MILAN,06/22/2023,EN - PPC,6,SHARED,2500,
MILAN,06/22/2023,EN - PPC,2,SHARED,1000,
MILAN,06/23/2023\,PPC - EN,13,PRIVATE,5000,
MILAN,06/24/2023,PPC - EN,12,PRIVATE,5000,
MILAN,06/24/2023,PPC - EN,2,SHARED,1000,
MILAN,06/26/2023,DROP OFF AIRPORT,5,PRIVATE,1000,
MILAN,06/26/2023,INLAND TOUR,13,PRIVATE,4000,
MILAN,06/26/2023,EN - PPC,2,SHARED,1000,
MILAN,06/27/2023,DROP OFF AIRPORT,2,PRIVATE,1000,
MILAN,06/28/2023,EN - PPC,13,PRIVATE,5000,
MILAN,06/29/2023,EN - PPC,1,SHARED,500,
MILAN,06/29/2023,EN - PPC,9,SHARED,4500,
MILAN,06/29/2023,PPC - EN,7,PRIVATE,5000,
MILAN,06/30/2023,PPC - EN,2,SHARED,1000,
MILAN,07/13/2023,PPC - EN,6,SHARED,3000,
MILAN,07/13/2023,PPC - EN,7,SHARED,3500,
MILAN,07/13/2023,EN - PPC,5,SHARED,2500,
MILAN,07/13/2023,PPC - EN,12,PRIVATE,5000,
MILAN,07/13/2023,PPC - EN,5,SHARED,2500,
MILAN,07/14/2023,PPC - EN,6,SHARED,3000,
MILAN,07/14/2023,PPC - EN,5,SHARED,2500,
MILAN,07/14/2023,EN - PPC,13,PRIVATE,5000,
MILAN,07/14/2023,EN - PPC,2,SHARED,1000,
MILAN,07/14/2023,PPC - EN,12,PRIVATE,5000,
MILAN,07/14/2023,PPC - EN,5,SHARED,2500,
MILAN,07/15/2023,PPC - EN,5,SHARED,2500,
MILAN,07/15/2023,PPC - EN,5,SHARED,2500,
MILAN,07/15/2023,PPC - EN,2,SHARED,1000,
MILAN,07/15/2023,PPC - EN,2,SHARED,1000,
MILAN,07/15/2023,PPC - EN,3,SHARED,1500,
MILAN,07/15/2023,PPC - EN,4,SHARED,2000,
MILAN,07/16/2023,PPC - EN,2,SHARED,1000,
MILAN,07/16/2023,EN - PPC,17,PRIVATE,10000,
MILAN,07/16/2023,EN - PPC,6,SHARED,3000,
MILAN,07/16/2023,EN - PPC,7,SHARED,3500,
MILAN,07/18/2023,EN - PPC,7,SHARED,3500,
MILAN,07/18/2023,PPC - EN,12,PRIVATE,5000,
MILAN,07/18/2023,PPC - EN,7,SHARED,3500,
MILAN,07/18/2023,PPC - EN,2,SHARED,1000,
MILAN,07/18/2023,PPC - EN,2,SHARED,1000,
MILAN,07/18/2023,DROP OFF AIRPORT,9,PRIVATE,1000,
MILAN,07/19/2023,DROP OFF AIRPORT,8,PRIVATE,1000,
MILAN,07/19/2023,EN - PPC,4,SHARED,2000,
MILAN,07/19/2023,EN - PPC,2,SHARED,1000,
MILAN,07/19/2023,EN - PPC,6,SHARED,3000,
MILAN,07/20/2023,EN - PPC,5,SHARED,2500,
MILAN,07/20/2023,EN - PPC,2,SHARED,1000,
MILAN,07/20/2023,EN - PPC,5,SHARED,2500,
MILAN,07/20/2023,PPC - EN,2,SHARED,1000,
MILAN,07/21/2023,PPC - EN,5,SHARED,2500,
MILAN,07/21/2023,PPC - EN,4,SHARED,2000,
MILAN,07/21/2023,DROP OFF AIRPORT,2,PRIVATE,1000,
MILAN,07/21/2023,EN - PPC,2,SHARED,1000,
MILAN,07/21/2023,EN - PPC,2,SHARED,1000,
MILAN,07/22/2023,EN - PPC,3,SHARED,1500,
MILAN,07/22/2023,EN - PPC,5,SHARED,2500,
MILAN,07/22/2023,PPC - EN,7,PRIVATE,5000,
MILAN,07/22/2023,PPC - EN,11,PRIVATE,5000,
MILAN,07/22/2023,PPC - EN,2,SHARED,1000,
MILAN,07/23/2023,PPC - EN,6,SHARED,3000,
MILAN,07/23/2023,PPC - EN,5,SHARED,2500,
MILAN,07/23/2023,EN - PPC,4,SHARED,2000,
MILAN,07/23/2023,EN - PPC,1,SHARED,500,
MILAN,07/23/2023,PPC - EN,7,SHARED,3000,
MILAN,07/24/2023,PPC - EN,2,SHARED,1000,
MILAN,07/24/2023,PPC - EN,2,SHARED,1000,
MILAN,07/24/2023,EN - PPC,10,PRIVATE,5000,
MILAN,07/24/2023,EN - PPC,4,SHARED,2000,
MILAN,07/24/2023,EN - PPC,1,SHARED,500,
MILAN,07/24/2023,PPC - EN,10,PRIVATE,5000,
MILAN,07/25/2023,PPC - EN,4,SHARED,2000,
MILAN,07/25/2023,PPC - EN,7,SHARED,3500,
MILAN,07/25/2023,EN - PPC,2,SHARED,1000,
MILAN,07/25/2023,PPC - EN,5,SHARED,2500,
MILAN,07/26/2023,PPC - EN,3,SHARED,1500,
MILAN,07/26/2023,EN - PPC,11,PRIVATE,5000,
MILAN,07/26/2023,EN - PPC,6,SHARED,3000,
MILAN,07/26/2023,EN - PPC,5,SHARED,2500,
MILAN,07/26/2023,EN - PPC,2,SHARED,1000,
MILAN,07/27/2023,EN - PPC,7,SHARED,3500,
MILAN,07/27/2023,PPC - EN,2,SHARED,1000,
MILAN,07/27/2023,PPC - EN,2,SHARED,1000,
MILAN,07/27/2023,PICK UP AIRPORT,2,PRIVATE,1000,
MILAN,07/27/2023,EN - PPC,10,PRIVATE,5000,
MILAN,07/27/2023,EN - PPC,7,SHARED,3000,
MILAN,07/28/2023,EN - PPC,7,SHARED,3500,
MILAN,07/28/2023,EN - PPC,2,SHARED,1000,
MILAN,07/28/2023,EN - PPC,4,SHARED,2000,
WE GO,07/28/2023,PPC - EN,3,SHARED,1500,
MILAN,07/28/2023,PPC - EN,6,SHARED,3000,
MILAN,07/28/2023,PPC - EN,3,SHARED,1500,
MILAN,07/28/2023,PPC - EN,7,SHARED,3500,
MILAN,07/28/2023,PPC - EN,6,SHARED,3000,
MILAN,07/28/2023,EN - PPC,2,SHARED,1000,
MILAN,07/29/2023,EN - PPC,5,SHARED,2500,
MILAN,07/29/2023,EN - PPC,3,SHARED,1500,
MILAN,07/29/2023,PPC - EN,2,SHARED,1000,
MILAN,07/29/2023,PPC - EN,5,SHARED,2500,
MILAN,07/30/2023,PPC - EN,4,SHARED,2000,
MILAN,07/30/2023,DROP OFF AIRPORT,2,PRIVATE,1000,
MILAN,07/30/2023,EN - PPC,11,PRIVATE,5000,
MILAN,07/30/2023,EN - PPC,2,SHARED,1000,
MILAN,07/30/2023,PPC - EN,6,PRIVATE,5000,
MILAN,07/30/2023,PPC - EN,2,SHARED,1000,
MILAN,07/30/2023,PPC - EN,3,SHARED,1500,
MILAN,07/30/2023,EN - PPC,6,SHARED,3000,
MILAN,07/30/2023,EN - PPC,7,SHARED,3500,
WE GO,07/30/2023,EN - PPC,3,SHARED,1500,
MILAN,07/30/2023,PPC - EN,2,SHARED,1000,
MILAN,07/30/2023,EN - PPC,6,SHARED,3000,
MILAN,07/31/2023,EN - PPC,3,SHARED,1500,
MILAN,07/31/2023,PPC - EN,2,SHARED,1000,
MILAN,07/31/2023,PPC - EN,2,SHARED,1000,
MILAN,07/31/2023,EN - PPC,5,SHARED,2500,
MILAN,07/31/2023,EN - PPC,4,SHARED,2000,
MILAN,07/31/2023,EN - PPC,2,SHARED,1000,
MILAN,07/31/2023,EN - PPC,6,PRIVATE,5000,
MILAN,07/31/2023,EN - PPC,3,SHARED,1500,
MILAN,08/13/2023,PPC - EN,4,SHARED,2000,
MILAN,08/13/2023,EN - PPC,2,SHARED,1000,
MILAN,08/13/2023,EN - PPC,2,SHARED,1000,
MILAN,08/13/2023,EN - PPC,2,SHARED,1000,
MILAN,08/13/2023,PPC - EN,4,SHARED,2000,
MILAN,08/13/2023,PPC - EN,2,SHARED,1000,
MILAN,08/13/2023,PPC - EN,2,SHARED,1000,
MILAN,08/14/2023,PPC - EN,2,SHARED,1000,
MILAN,08/14/2023,PPC - EN,4,SHARED,2000,
MILAN,08/14/2023,PPC - EN,3,SHARED,1500,
MILAN,08/14/2023,EN - PPC,4,SHARED,2000,
MILAN,08/14/2023,PPC - EN,2,SHARED,1000,
MILAN,08/14/2023,PPC - EN,2,SHARED,1000,
MILAN,08/15/2023,PPC - EN,1,SHARED,500,
MILAN,08/15/2023,EN - PPC,4,SHARED,2000,
MILAN,08/15/2023,EN - PPC,2,SHARED,1000,
MILAN,08/15/2023,PPC - EN,2,SHARED,1000,
MILAN,08/16/2023,EN - PPC,4,SHARED,2000,
MILAN,08/16/2023,EN - PPC,2,SHARED,1000,
MILAN,08/16/2023,EN - PPC,3,SHARED,1500,
MILAN,08/16/2023,EN - PPC,2,SHARED,1000,
MILAN,08/16/2023,PPC - EN,2,SHARED,1000,
MILAN,08/16/2023,PPC - EN,10,PRIVATE,5000,
MILAN,08/16/2023,PPC - EN,2,SHARED,1000,
MILAN,08/17/2023,EN - PPC,2,SHARED,1000,
MILAN,08/17/2023,EN - PPC,1,SHARED,500,
MILAN,08/17/2023,PPC - EN,5,SHARED,2500,
MILAN,08/17/2023,EN - PPC,3,SHARED,1500,
MILAN,08/17/2023,PPC - EN,7,SHARED,3000,
MILAN,08/17/2023,PPC - EN,4,SHARED,2000,
MILAN,08/17/2023,PPC - EN,2,SHARED,1000,
MILAN,08/18/2023,PPC - EN,13,PRIVATE,6000,
MILAN,08/19/2023,PPC - EN,2,SHARED,1000,
MILAN,08/19/2023,PPC - EN,2,SHARED,1000,
MILAN,08/19/2023,PPC - EN,6,SHARED,3000,
MILAN,08/19/2023,EN - PPC,2,SHARED,1000,
MILAN,08/19/2023,EN - PPC,6,SHARED,3000,
MILAN,08/19/2023,PPC - EN,7,SHARED,3500,
MILAN,08/19/2023,PPC - EN,4,SHARED,2000,
MILAN,08/19/2023,PPC - EN,2,SHARED,1000,
MILAN,08/20/2023,PPC - EN,4,SHARED,2000,
MILAN,08/20/2023,EN - PPC,2,SHARED,1000,
MILAN,08/20/2023,EN - PPC,4,SHARED,2000,
MILAN,08/20/2023,PPC - EN,2,SHARED,1000,
MILAN,08/20/2023,PPC - EN,2,SHARED,1000,
MILAN,08/20/2023,PPC - EN,2,SHARED,1000,
MILAN,08/21/2023,PPC - EN,6,SHARED,3000,
MILAN,08/21/2023,EN - PPC,13,PRIVATE,6000,
MILAN,08/21/2023,EN - PPC,2,SHARED,1000,
MILAN,08/21/2023,EN - PPC,2,SHARED,1000,
MILAN,08/21/2023,EN - PPC,6,SHARED,3000,
MILAN,08/22/2023,PPC - EN,2,SHARED,1000,
MILAN,08/22/2023,PPC - EN,3,SHARED,1500,
MILAN,08/22/2023,PPC - EN,6,SHARED,3000,
MILAN,08/22/2023,EN - PPC,7,SHARED,3000,
MILAN,08/23/2023,EN - PPC,7,SHARED,3500,
MILAN,08/23/2023,EN - PPC,4,SHARED,2000,
MILAN,08/23/2023,EN - PPC,4,SHARED,2000,
MILAN,08/23/2023,EN - PPC,2,SHARED,1000,
MILAN,08/23/2023,PICK UP AIRPORT,2,PRIVATE,1000,
MILAN,08/24/2023,PPC - EN,2,SHARED,1000,
MILAN,08/24/2023,PPC - EN,4,SHARED,2000,
MILAN,08/25/2023,EN - PPC,2,SHARED,1000,
MILAN,08/25/2023,EN - PPC,2,SHARED,1000,
MILAN,08/25/2023,EN - PPC,2,SHARED,1000,
MILAN,08/25/2023,EN - PPC,6,SHARED,3000,
MILAN,08/26/2023,PPC - EN,3,SHARED,1500,
MILAN,08/26/2023,PPC - EN,6,SHARED,3000,
MILAN,08/26/2023,EN - PPC,3,SHARED,1500,
MILAN,08/26/2023,DROP OFF AIRPORT,4,PRIVATE,1000,
MILAN,08/27/2023,PPC - EN,2,SHARED,1000,
MILAN,08/27/2023,PPC - EN,1,SHARED,500,
MILAN,08/27/2023,EN - PPC,6,SHARED,3000,
MILAN,08/28/2023,EN - PPC,4,SHARED,2000,
MILAN,08/28/2023,EN - PPC,2,SHARED,1000,
MILAN,08/28/2023,PPC - EN,2,SHARED,1000,
MILAN,08/28/2023,PPC - EN,3,SHARED,1500,
MILAN,08/28/2023,EN - PPC,3,SHARED,1500,
MILAN,08/29/2023,EN - PPC,2,SHARED,1000,
MILAN,08/29/2023,EN - PPC,2,SHARED,1000,
MILAN,08/29/2023,PPC - EN,4,SHARED,2000,
MILAN,08/29/2023,PPC - EN,3,SHARED,1500,
MILAN,08/29/2023,EN - PPC,1,SHARED,500,
MILAN,08/30/2023,EN - PPC,2,SHARED,1000,
MILAN,08/31/2023,EN - PPC,3,SHARED,1500,
MILAN,08/31/2023,PPC - EN,7,PRIVATE,5000,
MILAN,08/31/2023,PPC - EN,2,SHARED,1000,
MILAN,08/31/2023,EN - PPC,3,SHARED,1500,
MILAN,09/13/2023,EN - PPC,4,SHARED,2000,
MILAN,09/13/2023,PPC - EN,2,SHARED,1000,
MILAN,09/14/2023,PPC - EN,5,SHARED,2500,
MILAN,09/14/2023,EN - PPC,2,SHARED,1000,
MILAN,09/14/2023,PPC - EN,6,SHARED,3000,
MILAN,09/15/2023,PPC - EN,8,SHARED,4000,
MILAN,09/15/2023,PPC - EN,2,SHARED,1000,
MILAN,09/15/2023,PPC - EN,2,SHARED,1000,
MILAN,09/15/2023,PPC - EN,6,SHARED,3000,
MILAN,09/15/2023,EN - PPC,2,SHARED,1000,
MILAN,09/15/2023,DROP OFF AIRPORT,3,PRIVATE,1000,
MILAN,09/16/2023,PPC - EN,7,SHARED,3500,
MILAN,09/16/2023,PPC - EN,3,SHARED,1500,
MILAN,09/16/2023,EN - PPC,1,SHARED,500,
MILAN,09/17/2023,PPC - EN ,20,PRIVATE,10000,
MILAN,09/17/2023,EN - PPC,5,SHARED,2500,
HIDDEN GARDEN,09/17/2023,PPC - EN,2,SHARED,1000,
MILAN,09/18/2023,PPC - EN,1,SHARED,500,
MILAN,09/18/2023,EN - PPC,6,SHARED,3000,
MILAN,09/18/2023,EN - PPC,6,SHARED,3000,
MILAN,09/18/2023,EN - PPC,8,SHARED,4000,
MILAN,09/18/2023,EN - PPC,2,SHARED,1000,
MILAN,09/18/2023,PPC - EN,2,SHARED,1000,
MILAN,09/18/2023,EN - PPC,3,SHARED,1500,
MILAN,09/18/2023,EN - PPC,2,SHARED,1000,
MILAN,09/19/2023,EN - PPC,20,PRIVATE,10000,
MILAN,09/19/2023,EN - PPC,1,SHARED,500,
MILAN,09/19/2023,EN - PPC,7,SHARED,3500,
MILAN,09/19/2023,PICK UP AIRPORT,2,SHARED,500,
MILAN,09/19/2023,PPC - EN,8,SHARED,4000,
MILAN,09/20/2023,PPC - EN,4,SHARED,2000,
MILAN,09/20/2023,PPC - EN,4,SHARED,2000,
HIDDEN GARDEN,09/20/2023,EN - PPC,2,SHARED,1000,
MILAN,09/20/2023,EN - PPC,2,SHARED,1000,
MILAN,09/21/2023,SAN VICENTE - EN,4,PRIVATE,5000,
MILAN,09/21/2023,PPC - EN,7,PRIVATE,5000,
MILAN,09/21/2023,DROP OFF AIRPORT,2,SHARED,1000,
MILAN,09/21/2023,EN - PPC,4,SHARED,2000,
MILAN,09/21/2023,EN - PPC,4,SHARED,2000,
WE GO,09/21/2023,PPC - EN,2,SHARED,1000,
MILAN,09/22/2023,PPC - EN,2,SHARED,1000,
MILAN,09/22/2023,PPC - EN,4,SHARED,2000,
MILAN,09/22/2023,PPC - EN,6,SHARED,3000,
MILAN,09/22/2023,EN - PPC,8,SHARED,3500,
MILAN,09/23/2023,PPC - EN,18,SHARED,9000,
MILAN,09/24/2023,PPC - EN,2,SHARED,1000,
MILAN,09/24/2023,PPC - EN,3,SHARED,1500,
MILAN,09/24/2023,EN - PPC,7,SHARED,3500,
MILAN,09/24/2023,EN - SAN VICENTE,4,SHARED,2400,
MILAN,09/25/2023,EN - PPC,2,SHARED,1000,
MILAN,09/25/2023,EN - PPC,3,SHARED,1500,
WE GO,09/25/2023,EN - PPC,2,SHARED,1000,
MILAN,09/26/2023,PPC - EN,5,PRIVATE,5000,
MILAN,09/26/2023,EN - PPC ,6,SHARED,3000,
MILAN,09/27/2023,EN - PPC ,2,SHARED,1000,
MILAN,09/27/2023,EN - PPC ,4,SHARED,2000,
MILAN,09/27/2023,EN - PPC ,18,SHARED,9000,
MILAN,09/27/2023,PPC - EN,6,SHARED,3000,
MILAN,09/28/2023,PPC - EN,3,SHARED,1500,
MILAN,09/29/2023,EN - PPC,5,SHARED,2500,
MILAN,09/29/2023,PPC - EN,2,SHARED,1000,
MILAN,09/29/2023,EN - PPC ,3,SHARED,1500,
BAYVIEW,09/29/2023,EN - PPC,6,PRIVATE,5000,
BAYVIEW,09/30/2023,EN - PPC,6,PRIVATE,5000,
BAYVIEW,09/30/2023,PICK UP AIRPORT,1,PRIVATE,300,
BAYVIEW,09/30/2023,JETTY LOUNGE,2,PRIVATE,1000,
BAYVIEW,10/14/2023,PPC - EN,4,SHARED,2000,
BAYVIEW,10/14/2023,DROP OFF AIRPORT,1,PRIVATE,1000,
BAYVIEW,10/14/2023,PPC - EN,2,SHARED,1000,
BAYVIEW,10/14/2023,EN - PPC,4,SHARED,2000,
WE GO,10/14/2023,PPC - EN,7,PRIVATE,5000,
WE GO,10/14/2023,PPC - EN,7,PRIVATE,5000,
BAYVIEW,10/14/2023,PPC - EN,2,SHARED,1000,
BAYVIEW,10/15/2023,DROP OFF AIRPORT,2,PRIVATE,1000,
BAYVIEW,10/15/2023,DROP OFF AIRPORT,2,PRIVATE,1000,
BAYVIEW,10/15/2023,EN - PPC,2,SHARED,1000,
BAYVIEW,10/16/2023,EN - PPC,1,SHARED,500,
BAYVIEW,10/16/2023,EN - PPC,2,SHARED,1000,
BAYVIEW,10/17/2023,PPC - EN,2,SHARED,1000,
BAYVIEW,10/17/2023,EN - PPC,2,SHARED,1000,
WE GO,10/17/2023,EN - PPC,7,PRIVATE,5000,
WE GO,10/17/2023,EN - PPC,7,PRIVATE,5000,
BAYVIEW,10/17/2023,PPC - EN ,14,SHARED,7000,
BAYVIEW,10/17/2023,PICK UP AIRPORT,16,PRIVATE,1000,
BAYVIEW,10/18/2023,EN - PPC,2,SHARED,1000,
BAYVIEW,10/18/2023,PICK UP AIRPORT,2,PRIVATE,1000,
BAYVIEW,10/18/2023,DROP OFF AIRPORT,14,PRIVATE,1000,
BAYVIEW,10/19/2023,DROP OFF AIRPORT,2,PRIVATE,1000,
BAYVIEW,10/19/2023,INLAND TOUR,14,PRIVATE,3500,
BAYVIEW,10/19/2023,PPC - EN,14,PRIVATE,7500,
BAYVIEW,10/19/2023,PICK UP AIRPORT,2,PRIVATE,1000,
BAYVIEW,10/20/2023,EN - PPC,2,SHARED,1000,
BAYVIEW,10/20/2023,PPC - EN,3,PRIVATE,5000,
BAYVIEW,10/20/2023,PPC - EN,9,SHARED,4000,
BAYVIEW,10/21/2023,EN - PPC,2,SHARED,1000,
BAYVIEW,10/21/2023,EN - PPC,3,SHARED,1500,
BAYVIEW,10/22/2023,EN - PPC,8,SHARED,3150,
EVA,10/22/2023,PPC - EN,2,SHARED,900,
BAYVIEW,10/22/2023,EN - PPC,2,SHARED,1000,
BAYVIEW,10/22/2023,PICK UP AIRPORT,2,PRIVATE,1000,
EVA,10/22/2023,EN - PPC,2,SHARED,900,
BAYVIEW,10/23/2023,PPC - EN,2,SHARED,1000,
BAYVIEW,10/23/2023,EN - PPC,8,SHARED,4000,
BAYVIEW,10/23/2023,PICK UP AIRPORT,4,PRIVATE,1000,
BAYVIEW,10/23/2023,EN - PPC,2,SHARED,1000,
BAYVIEW,10/23/2023,PICK UP AIRPORT,2,PRIVATE,1000,
BAYVIEW,10/24/2023,PICK UP AIRPORT,8,PRIVATE,2000,
BAYVIEW,10/24/2023,EN - PPC,2,PRIVATE,5000,
BAYVIEW,10/24/2023,EN - PPC,2,SHARED,1000,
EVA,10/24/2023,PPC - EN,1,SHARED,500,
BAYVIEW,10/24/2023,PPC - EN,2,SHARED,1000,
BAYVIEW,10/25/2023,EN - PPC,1,SHARED,500,
BAYVIEW,10/25/2023,PPC - EN,3,SHARED,1500,
BAYVIEW,10/26/2023,PPC - EN,7,SHARED,3500,
BAYVIEW,10/26/2023,EN - PPC,2,SHARED,1000,
BAYVIEW,10/26/2023,DROP OFF AIRPORT,8,PRIVATE,1000,
BAYVIEW,10/26/2023,DROP OFF AIRPORT,1,PRIVATE,1000,
BAYVIEW,10/26/2023,PICK UP AIRPORT,10,PRIVATE,1400,
BAYVIEW,10/26/2023,DROP OFF AIRPORT,2,PRIVATE,1000,
BAYVIEW,10/28/2023,EN - PPC,4,PRIVATE,5000,
BAYVIEW,10/28/2023,EN - PPC,7,SHARED,3500,
BAYVIEW,10/29/2023,EN - PPC,1,PRIVATE,5000,
BAYVIEW,10/31/2023,DROP OFF AIRPORT,4,PRIVATE,1000,
BAYVIEW,10/31/2023,PICK UP AIRPORT,1,PRIVATE,1000,
BAYVIEW,11/13/2023,PPC - EN,12,SHARED,6000,
BAYVIEW,11/14/2023,EN - PPC,3,SHARED,1500,
BAYVIEW,11/15/2023,PPC - EN,16,PRIVATE,5000,
BAYVIEW,11/16/2023,PPC - EN,2,PRIVATE,5000,
BAYVIEW,11/17/2023,PPC - EN,8,PRIVATE,5000,
BAYVIEW,11/18/2023,EN - PPC,12,PRIVATE,6000,
BAYVIEW,11/20/2023,TRANSFER,8,PRIVATE,600,
BAYVIEW,11/20/2023,PPC - EN,7,SHARED,3500,
VELLAGO,11/21/2023,PICK UP AIRPORT,2,SHARED,1000,
VELLAGO,11/21/2023,DROP OFF AIRPORT,2,SHARED,1000,
VELLAGO,11/22/2023,PICK UP AIRPORT,2,SHARED,1000,
VELLAGO,11/22/2023,PICK UP AIRPORT,2,SHARED,1000,
VELLAGO,11/22/2023,PICK UP AIRPORT,2,SHARED,1000,
VELLAGO,11/22/2023,DROP OFF AIRPORT,1,SHARED,1000,
VELLAGO,11/22/2023,PICK UP AIRPORT,2,SHARED,1000,
VELLAGO,11/23/2023,DROP OFF AIRPORT,1,SHARED,1000,
VELLAGO,11/24/2023,DROP OFF AIRPORT,2,SHARED,1000,
VELLAGO,11/24/2023,DROP OFF AIRPORT,2,SHARED,1000,
VELLAGO,11/25/2023,PICK UP AIRPORT,2,SHARED,1000,
VELLAGO,11/25/2023,PICK UP AIRPORT,2,SHARED,1000,
VELLAGO,11/25/2023,DROP OFF AIRPORT,2,SHARED,1000,
VELLAGO,11/25/2023,PICK UP AIRPORT,2,SHARED,1000,
VELLAGO,11/25/2023,DROP OFF AIRPORT,2,SHARED,1000,
VELLAGO,11/27/2023,DROP OFF AIRPORT,1,SHARED,1000,
VELLAGO,11/27/2023,DROP OFF AIRPORT,2,SHARED,1000,
VELLAGO,11/28/2023,PPC - EN,2,PRIVATE,5000,
VELLAGO,11/28/2023,PICK UP AIRPORT,2,SHARED,1000,
VELLAGO,11/28/2023,DROP OFF AIRPORT,2,SHARED,1000,
VELLAGO,11/29/2023,DROP OFF AIRPORT,2,SHARED,1000,
VELLAGO,12/13/2023,DROP OFF AIRPORT,2,SHARED,1000,
VELLAGO,12/13/2023,PICK UP AIRPORT,2,SHARED,1000,
VELLAGO,12/15/2023,PICK UP AIRPORT,2,SHARED,1000,
VELLAGO,12/15/2023,PICK UP AIRPORT,2,SHARED,1000,
VELLAGO,12/15/2023,EN - PPC,2,PRIVATE,5000,
VELLAGO,12/15/2023,PICK UP AIRPORT,2,SHARED,1000,
VELLAGO,12/15/2023,PICK UP AIRPORT,2,SHARED,1000,
VELLAGO,12/16/2023,EN - PPC,2,SHARED,1000,
VELLAGO,12/16/2023,DROP-ITI,2,SHARED,1000,
VELLAGO,12/17/2023,PICK UP AIRPORT,2,SHARED,1000,
VELLAGO,12/18/2023,EN - PPC,2,SHARED,1000,
VELLAGO,12/19/2023,DROP-ITI,2,SHARED,1000,
VELLAGO,12/19/2023,PICK UP AIRPORT,2,SHARED,1000,
VELLAGO,12/20/2023,PICK UP AIRPORT,2,SHARED,1000,
VELLAGO,12/20/2023,DROP-ITI,2,SHARED,1000,
VELLAGO,12/21/2023,PICK UP AIRPORT,2,SHARED,1000,
VELLAGO,12/21/2023,DROP-ITI,2,SHARED,1000,
VELLAGO,12/21/2023,DROP-ITI,1,SHARED,1000,
VELLAGO,12/21/2023,PICK UP AIRPORT,2,SHARED,1000,
VELLAGO,12/22/2023,DROP-ITI,2,SHARED,1000,
VELLAGO,12/22/2023,PICK UP AIRPORT,2,SHARED,1000,
VELLAGO,12/23/2023,DROP-ITI,2,SHARED,1000,
VELLAGO,12/24/2023,DROP-LIO STATE,2,SHARED,1000,
VELLAGO,12/24/2023,DROP OFF AIRPORT,2,SHARED,1000,
VELLAGO,12/24/2023,DROP OFF AIRPORT,2,SHARED,1000,
VELLAGO,12/24/2023,DROP OFF AIRPORT,2,SHARED,1000,
VELLAGO,12/24/2023,DROP OFF AIRPORT,2,SHARED,1000,
VELLAGO,12/24/2023,DROP OFF AIRPORT,2,SHARED,1000,
VELLAGO,12/25/2023,PPC - EN,4,PRIVATE,5000,
VELLAGO,12/25/2023,PICK UP AIRPORT,1,SHARED,1000,
VELLAGO,12/26/2023, DROPITI,3,SHARED,1000,
VELLAGO,12/26/2023,PICK UP AIRPORT,2,SHARED,1000,
VELLAGO,12/26/2023,DROP OFF AIRPORT,4,SHARED,1000,
VELLAGO,12/27/2023,PICK UP AIRPORT,2,SHARED,1000,
VELLAGO,12/27/2023,PICK UP AIRPORT,2,SHARED,1000,
VELLAGO,12/28/2023,PICK UP AIRPORT,2,SHARED,1000,
VELLAGO,12/29/2023,PICK UP AIRPORT,2,SHARED,1000,
VELLAGO,12/30/2023,DROP OFF AIRPORT,2,SHARED,1000,
VELLAGO,12/30/2023,DROP PORT,2,SHARED,1000,
VELLAGO,12/30/2023,PICK UP AIRPORT,2,SHARED,1000,
VELLAGO,12/31/2023,PICK UP AIRPORT,2,SHARED,1000,
