date,destination,pax,agency
2023-04-14,Paris,1,Alice
2018-08-24,New York,4,Grace
2018-10-01,New York,9,Frank
2020-02-11,Paris,6,Ivan
2021-02-25,New York,8,Judy
2018-03-21,London,4,Alice
2020-04-14,New York,3,Eve
2021-11-30,Paris,2,Judy
2019-01-18,London,2,Charlie
2023-10-23,Paris,9,David
2019-11-11,Sydney,3,Bob
2024-04-23,Paris,4,Alice
2021-04-26,London,3,Heidi
2023-07-24,Sydney,10,Frank
2022-02-26,New York,7,Eve
2021-09-01,Paris,1,Ivan
2019-06-30,New York,6,Alice
2023-11-15,New York,2,Charlie
2022-12-31,New York,10,Charlie
2019-02-27,Tokyo,8,Grace
2021-11-13,Tokyo,6,Charlie
2020-08-12,Paris,1,Bob
2018-09-22,London,5,Alice
2020-09-21,New York,4,Heidi
2019-02-09,Tokyo,1,Bob
2019-06-19,Sydney,2,Ivan
2024-08-29,London,5,Eve
2023-02-23,London,7,Bob
2023-01-21,Paris,5,Eve
2020-10-22,Sydney,1,Ivan
2024-01-20,London,1,Charlie
2021-02-12,London,6,Grace
2021-07-25,Sydney,9,Ivan
2020-04-08,Sydney,1,David
2018-03-17,Paris,8,Ivan
2020-12-26,London,5,David
2020-06-12,Sydney,6,Bob
2024-05-08,Tokyo,3,Ivan
2024-02-12,Sydney,8,Bob
2024-02-10,Paris,4,David
2024-01-16,Tokyo,1,Alice
2018-12-20,Tokyo,6,Ivan
2022-01-19,Paris,7,Bob
2019-09-12,Tokyo,4,Judy
2020-08-23,Paris,2,Bob
2023-07-07,New York,10,Heidi
2022-02-28,London,1,Frank
2022-07-31,Tokyo,3,Frank
2023-12-25,Sydney,4,Eve
2022-09-24,London,10,Judy
2023-03-20,New York,2,Judy
2024-02-08,Paris,2,Ivan
2023-12-17,Tokyo,5,Eve
2021-05-17,Sydney,2,Heidi
2019-07-25,Tokyo,7,Charlie
2024-09-12,London,1,Judy
2019-01-17,New York,10,Eve
2021-02-21,New York,4,Frank
2020-05-02,London,1,Grace
2020-02-09,Paris,3,Judy
2020-02-24,Paris,2,Bob
2022-11-28,Sydney,4,Charlie
2024-09-22,New York,6,Bob
2022-04-21,Sydney,5,Bob
2020-04-20,Paris,5,David
2024-08-23,Sydney,7,Judy
2023-04-12,London,5,Heidi
2021-09-05,London,5,Ivan
2021-03-20,New York,2,Heidi
2019-10-03,New York,10,Eve
2021-05-06,London,6,Charlie
2023-08-27,London,7,Frank
2024-07-18,London,4,Ivan
2020-02-11,London,10,Judy
2022-06-12,Tokyo,6,Judy
2019-07-27,Paris,3,Heidi
2019-08-15,Paris,4,Ivan
2019-03-20,London,2,Heidi
2018-08-20,Tokyo,9,Bob
2022-12-24,Sydney,7,Heidi
2018-04-08,London,3,Alice
2023-04-09,Sydney,8,Judy
2022-07-13,London,3,Eve
2018-05-11,Sydney,10,Ivan
2020-09-05,Tokyo,9,Grace
2022-10-12,London,9,Charlie
2023-08-26,London,9,Ivan
2020-01-25,New York,8,Alice
2020-06-13,New York,1,Eve
2021-04-30,Tokyo,10,Heidi
2019-05-18,Tokyo,8,David
2019-04-28,Sydney,3,Eve
2024-02-27,New York,5,Eve
2018-05-28,London,6,Ivan
2020-03-08,Tokyo,8,Ivan
2018-03-23,Tokyo,7,Grace
2018-09-08,Sydney,3,Grace
2022-10-01,Sydney,6,Alice
2020-06-19,Sydney,6,Judy
2023-06-11,London,6,Eve
2018-06-14,New York,3,Bob
2023-02-16,Tokyo,3,Eve
2023-08-10,New York,5,Alice
2018-09-12,New York,10,Alice
2018-12-09,Paris,7,Ivan
2022-08-10,New York,4,Charlie
2023-02-14,New York,5,Bob
2022-08-09,London,4,Heidi
2019-08-01,Tokyo,7,Eve
2021-05-27,Paris,8,Grace
2021-04-11,New York,7,Charlie
2024-01-17,London,9,Judy
2020-07-31,London,7,Alice
2019-10-20,Tokyo,8,Heidi
2021-08-26,Paris,3,Ivan
2023-09-18,Tokyo,5,Frank
2021-03-20,London,7,Alice
2018-08-31,Tokyo,1,Heidi
2022-10-20,Sydney,10,Heidi
2021-09-16,London,10,Judy
2019-06-21,New York,6,Eve
2022-11-04,Sydney,7,Ivan
2018-02-22,Sydney,9,Ivan
2022-03-31,New York,6,Alice
2023-05-15,Paris,6,Ivan
2024-03-26,Paris,4,Eve
2018-03-30,New York,6,David
2023-04-04,Tokyo,4,Alice
2024-06-30,Paris,6,Bob
2018-10-11,Sydney,5,Judy
2019-09-05,Paris,7,Heidi
2024-01-07,London,10,Eve
2023-06-29,London,4,Bob
2022-07-18,Sydney,2,Heidi
2020-01-30,New York,5,Charlie
2018-09-26,Tokyo,3,Judy
2021-01-04,Sydney,10,Ivan
2024-05-14,Tokyo,5,David
2021-07-02,London,2,Bob
2018-11-16,London,3,Eve
2019-08-04,Tokyo,9,Bob
2021-10-26,New York,6,Alice
2023-12-31,New York,8,Heidi
2018-07-01,Tokyo,5,Alice
2018-08-19,London,4,Bob
2024-06-27,London,8,Bob
2021-02-07,London,3,Bob
2018-03-14,Paris,1,Eve
2018-02-27,Tokyo,8,Ivan
2018-04-10,London,5,Bob
2019-10-12,New York,3,Alice
2019-03-22,New York,7,Ivan
2018-05-07,New York,1,Ivan
2019-01-09,New York,4,Grace
2018-10-26,Tokyo,3,Heidi
2019-01-16,New York,7,Eve
2023-03-10,Tokyo,3,Eve
2020-01-11,New York,3,Bob
2019-07-03,Paris,3,Frank
2018-06-23,Tokyo,1,Bob
2022-03-04,Tokyo,1,Heidi
2023-11-25,New York,2,Alice
2020-06-14,Tokyo,8,Frank
2021-03-24,New York,8,David
2022-06-01,Sydney,7,Bob
2018-03-26,New York,2,Charlie
2019-07-23,Paris,1,Grace
2018-07-28,Paris,10,Ivan
2022-12-10,Tokyo,2,Bob
2021-11-08,Sydney,10,Alice
2019-03-17,Sydney,6,Alice
2020-04-28,Tokyo,10,Grace
2022-12-24,Tokyo,9,Bob
2022-05-28,New York,9,Ivan
2022-08-30,London,8,David
2021-02-27,New York,4,Bob
2020-11-07,Paris,5,Alice
2024-01-25,New York,7,Charlie
2020-06-13,New York,10,Frank
2024-08-25,London,3,Frank
2018-06-26,Paris,4,Grace
2024-08-02,Paris,4,Alice
2021-08-28,Tokyo,3,Alice
2018-03-01,Tokyo,8,Grace
2020-02-28,Paris,1,Charlie
2022-08-01,Sydney,4,Alice
2024-07-18,New York,4,Charlie
2022-11-18,Sydney,10,Heidi
2022-03-30,Tokyo,1,Ivan
2022-08-02,Sydney,9,Grace
2020-09-18,Paris,3,Charlie
2018-01-30,London,9,Grace
2022-11-27,Paris,3,Charlie
2023-02-27,Tokyo,1,Eve
2023-05-13,Sydney,5,Grace
2019-10-18,Paris,5,Charlie
2020-08-26,New York,2,David
2019-01-12,Tokyo,8,Frank
2019-01-18,Sydney,9,Judy
2024-03-15,Paris,2,Eve
2019-04-15,London,9,Charlie
2020-02-23,Paris,1,Bob
2019-08-30,New York,10,Frank
2019-11-11,Sydney,9,Alice
2020-05-22,New York,5,Eve
2020-07-25,London,4,Heidi
2023-10-28,London,2,Ivan
2022-04-13,New York,7,David
2020-11-10,Sydney,2,Heidi
2020-10-09,New York,7,David
2018-09-10,Sydney,3,Ivan
2022-04-26,Sydney,9,Heidi
2020-01-02,London,6,Eve
2019-01-24,Tokyo,7,Alice
2022-01-17,Paris,1,Grace
2022-06-22,Sydney,4,David
2023-11-07,Paris,2,Grace
2022-10-18,New York,1,Bob
2021-01-30,Tokyo,6,Grace
2018-11-16,Sydney,2,Charlie
2018-08-10,New York,1,Judy
2021-03-13,London,10,Charlie
2018-10-21,Paris,6,Frank
2022-06-21,Sydney,7,Ivan
2019-09-20,New York,6,Ivan
2018-06-07,London,3,Alice
2019-08-29,Tokyo,1,Alice
2019-09-11,Paris,8,Eve
2020-10-21,Tokyo,8,Eve
2020-05-18,London,2,Heidi
2020-01-20,Paris,5,Eve
2022-03-05,Paris,5,David
2020-12-08,Paris,3,Frank
2019-08-08,New York,3,Charlie
2021-08-29,New York,6,Grace
2020-01-24,London,6,Charlie
2019-02-28,Sydney,8,Alice
2019-05-29,London,3,Grace
2018-08-07,New York,1,Judy
2024-01-04,London,5,Judy
2020-06-23,Paris,1,Charlie
2021-10-13,London,5,Judy
2022-11-11,New York,5,Frank
2023-08-24,Tokyo,9,Grace
2023-03-14,Paris,2,Grace
2019-09-14,Tokyo,1,Heidi
2024-09-05,New York,7,David
2023-08-18,Tokyo,8,Heidi
2022-09-15,Tokyo,10,Heidi
2019-10-23,London,6,Ivan
2019-09-20,New York,4,Bob
2020-12-17,New York,4,Eve
2021-09-07,Sydney,3,Grace
2021-05-22,London,5,Grace
2019-03-09,Tokyo,3,Eve
2024-09-29,London,6,Charlie
2018-10-17,Tokyo,5,Alice
2020-07-07,Sydney,7,Frank
2021-01-30,Sydney,3,Eve
2023-07-20,London,7,Ivan
2022-11-05,Sydney,7,Alice
2022-02-01,Tokyo,5,Bob
2023-01-28,Paris,6,Heidi
2024-06-18,Tokyo,7,David
2020-10-15,London,2,Ivan
2022-01-04,Paris,1,Eve
2020-05-14,Sydney,2,Frank
2021-03-26,Sydney,10,Heidi
2019-11-11,New York,2,Bob
2020-01-02,Sydney,3,Alice
2022-08-24,Sydney,10,Alice
2023-03-24,New York,9,Eve
2018-06-19,Paris,10,Grace
2022-12-28,Tokyo,2,Ivan
2021-11-12,Sydney,10,Charlie
2019-10-08,Paris,7,Judy
2018-12-18,Tokyo,8,Grace
2024-05-18,Sydney,4,Eve
2019-05-31,Sydney,3,Ivan
2020-05-05,New York,4,Frank
2021-10-16,London,10,David
2021-04-26,New York,5,Charlie
2019-02-23,London,5,Alice
2020-08-27,New York,4,Frank
2019-12-24,Paris,5,David
2024-09-28,Sydney,10,Heidi
2022-05-13,Tokyo,7,Eve
2024-02-23,Sydney,5,Eve
2020-02-28,New York,8,Alice
2022-12-16,New York,1,Charlie
2023-04-16,Sydney,3,Ivan
2023-10-14,Tokyo,3,Bob
2023-02-05,Paris,3,Heidi
2018-06-24,Paris,1,Charlie
2020-05-06,Sydney,6,Eve
2023-07-31,New York,7,David
2024-03-05,Sydney,10,David
2018-09-29,Tokyo,3,Frank
2019-06-01,Paris,4,Charlie
2021-03-07,Paris,3,Ivan
2020-09-14,Tokyo,1,Grace
2022-08-11,Sydney,10,Eve
2024-04-03,Tokyo,1,Charlie
2021-02-03,Sydney,3,Grace
2019-01-31,New York,4,Ivan
2021-06-28,Sydney,7,Heidi
2018-04-02,London,1,Charlie
2019-03-29,London,2,Alice
2018-06-04,Sydney,5,Grace
2021-09-12,London,2,Eve
2022-11-08,Tokyo,8,Heidi
2023-07-08,London,4,Eve
2022-11-13,Tokyo,6,Eve
2020-08-21,Paris,1,Judy
2021-02-16,New York,9,Heidi
2020-11-30,Tokyo,7,Charlie
2023-01-17,Paris,2,Frank
2019-11-08,New York,6,Frank
2021-08-26,Tokyo,2,Charlie
2022-12-08,Paris,6,Charlie
2021-03-13,New York,2,Alice
2019-07-25,Tokyo,2,David
2018-02-22,Paris,6,Alice
2024-03-10,Paris,5,Frank
2023-09-22,Tokyo,5,Bob
2023-09-03,Sydney,4,David
2023-05-24,New York,2,Grace
2021-09-09,Tokyo,10,Heidi
2020-11-17,Tokyo,1,Eve
2024-03-03,Tokyo,4,Bob
2020-05-13,Sydney,6,Judy
2024-06-03,Tokyo,3,Alice
2020-10-04,New York,6,Alice
2021-11-11,Paris,10,Heidi
2019-10-15,Paris,6,Bob
2024-06-14,Sydney,2,Alice
2020-04-20,Paris,2,Alice
2020-10-04,Paris,4,Heidi
2024-08-18,Tokyo,8,Charlie
2020-06-16,New York,3,Ivan
2019-09-05,Paris,2,Charlie
2022-12-02,Tokyo,10,Ivan
2021-11-01,Paris,8,Bob
2019-06-01,New York,7,Alice
2023-09-28,London,9,Eve
2023-04-10,Sydney,4,Eve
2018-05-26,Sydney,7,Frank
2022-08-17,New York,10,Ivan
2020-11-03,New York,1,Frank
2020-02-19,Paris,9,Charlie
2020-03-18,Sydney,2,Judy
2023-12-23,London,7,David
2018-08-26,New York,8,David
2024-02-06,Paris,8,David
2023-03-09,New York,8,David
2022-02-27,Tokyo,9,Frank
2024-08-20,New York,4,David
2023-11-20,Tokyo,4,Frank
2021-11-24,London,5,Charlie
2018-10-01,New York,10,Heidi
2020-11-20,Sydney,8,Frank
2023-09-13,Paris,10,Grace
2023-07-27,London,6,Charlie
2022-03-27,Tokyo,6,Heidi
2019-12-09,Paris,10,Eve
2022-04-30,Sydney,10,Judy
2023-03-10,New York,8,Alice
2023-03-05,Sydney,8,Judy
2022-03-25,New York,5,Judy
2018-06-30,Sydney,7,David
2018-04-14,New York,5,Ivan
2024-05-08,Tokyo,8,Bob
2020-11-07,New York,7,Heidi
2022-02-12,Tokyo,4,Grace
2024-08-22,New York,2,David
2024-09-19,Sydney,7,Ivan
2024-03-09,London,3,David
2018-02-01,Tokyo,10,Heidi
2020-07-17,Sydney,1,Frank
2024-01-02,New York,2,David
2020-05-03,Tokyo,3,Bob
2024-08-25,London,10,Judy
2022-11-09,London,7,Ivan
2023-04-11,New York,7,Heidi
2020-07-25,Tokyo,8,Heidi
2018-01-19,London,9,Eve
2022-11-14,New York,9,Judy
2018-11-24,Tokyo,2,Bob
2020-01-16,Paris,1,Heidi
2022-01-27,Paris,5,Judy
2024-05-26,Tokyo,7,Heidi
2021-08-12,London,10,Grace
2018-07-06,Tokyo,7,Frank
2022-08-06,Paris,6,David
2019-02-13,Sydney,10,Ivan
2021-08-19,Paris,1,Alice
2018-01-28,Tokyo,6,Heidi
2019-08-17,Paris,9,Bob
2024-08-21,Paris,4,Ivan
2023-11-09,Tokyo,7,Grace
2019-07-26,Paris,10,Heidi
2023-10-11,London,5,Bob
2024-09-13,Sydney,4,Bob
2020-06-26,Tokyo,2,Alice
2021-09-10,London,9,Ivan
2024-03-08,New York,6,David
2023-11-30,Tokyo,4,Ivan
2023-03-14,London,4,Eve
2021-01-29,London,3,Alice
2020-11-06,Paris,4,Alice
2020-04-02,Paris,9,Ivan
2024-01-22,London,1,Charlie
2021-08-18,Tokyo,8,Judy
2019-12-29,New York,7,Heidi
2019-06-02,London,3,Heidi
2018-10-11,Sydney,3,Ivan
2018-06-21,Paris,2,Eve
2019-03-06,Paris,10,Eve
2020-12-14,Paris,2,Charlie
2021-07-18,Sydney,1,Alice
2022-04-07,Paris,3,Judy
2023-01-17,Tokyo,3,Ivan
2021-05-14,Sydney,2,Grace
2024-04-30,Paris,6,Eve
2022-02-03,Sydney,8,Heidi
2019-12-31,London,6,Judy
2021-01-12,Paris,4,David
2024-05-12,Tokyo,6,Bob
2020-04-19,London,3,Charlie
2020-11-30,New York,6,Frank
2018-02-13,London,2,Bob
2021-07-03,Sydney,1,Heidi
2021-03-01,New York,3,Judy
2018-01-11,Tokyo,6,Eve
2021-02-17,London,9,Alice
2022-08-27,Paris,5,Ivan
2020-06-13,Sydney,8,Charlie
2022-08-11,New York,4,Bob
2024-06-08,London,9,Charlie
2020-03-04,London,7,Frank
2024-05-21,Tokyo,7,Charlie
2018-12-23,London,3,Judy
2020-09-11,New York,6,Grace
2020-07-02,Tokyo,8,Grace
2018-01-10,Paris,8,Judy
2023-01-07,London,6,Frank
2019-04-27,Tokyo,7,Frank
2018-12-09,New York,5,Ivan
2021-08-23,London,5,Grace
2019-08-03,Paris,3,Alice
2022-05-17,Tokyo,6,Alice
2019-10-13,Tokyo,3,Eve
2021-02-24,Sydney,7,Heidi
2022-09-17,London,8,Bob
2022-11-07,New York,4,Eve
2024-02-24,Tokyo,7,Ivan
2018-04-11,London,9,Bob
2021-02-21,Paris,6,Charlie
2023-02-13,New York,5,Ivan
2021-09-06,Sydney,7,Heidi
2023-04-12,Tokyo,1,Bob
2020-05-10,Tokyo,9,Alice
2022-06-20,Sydney,3,Bob
2022-02-28,Sydney,10,Grace
2024-06-08,New York,8,Charlie
2021-09-21,Tokyo,2,Judy
2020-03-22,Tokyo,4,Charlie
2022-04-27,Sydney,4,Judy
2023-02-19,Sydney,4,David
2021-10-24,New York,7,Heidi
2024-05-06,Tokyo,2,Bob
2019-11-29,Paris,3,Ivan
2020-04-15,Tokyo,4,Alice
2022-12-23,New York,7,Grace
2022-05-22,Paris,4,Heidi
2021-09-12,Paris,9,Judy
2020-03-02,Tokyo,5,David
2020-08-10,Paris,4,Heidi
2020-03-26,Tokyo,8,Ivan
2019-06-25,London,3,Grace
2024-06-13,Tokyo,10,Frank
2023-03-06,Sydney,8,Frank
2019-05-22,Tokyo,2,Alice
2022-10-22,Tokyo,6,Heidi
2023-11-09,New York,10,Judy
2024-08-06,Sydney,2,Eve
2021-11-12,Tokyo,1,Bob
2018-12-23,Sydney,4,David
2021-02-10,New York,1,Charlie
2021-10-02,New York,2,Charlie
2021-03-24,New York,5,Judy
2019-06-10,Paris,8,Charlie
2021-09-23,New York,5,David
2018-08-08,London,7,Eve
2023-03-26,Paris,10,Ivan
2023-04-19,Paris,10,Judy
2018-08-08,Paris,4,Ivan
2019-12-05,London,2,Heidi
2023-05-03,London,5,Grace
2018-01-31,Sydney,5,Charlie
2020-07-15,Paris,9,Bob
2019-07-19,New York,2,Bob
2018-01-26,Sydney,2,Heidi
2024-01-10,Tokyo,8,Frank
2021-04-17,Sydney,3,David
2022-10-19,New York,4,David
2018-04-02,New York,6,Ivan
2023-06-03,London,5,Grace
2020-10-01,Paris,4,Heidi
2020-01-09,London,7,Charlie
2022-10-25,Sydney,7,Eve
2023-11-11,London,9,Alice
2021-06-10,Paris,6,Frank
2020-06-17,London,6,Ivan
2018-01-15,Tokyo,9,Eve
2019-05-24,Sydney,2,David
2024-02-17,Sydney,3,Ivan
2023-12-02,London,6,David
2020-07-10,Paris,1,Frank
2018-05-09,Tokyo,7,Heidi
2024-02-09,Sydney,2,Frank
2021-12-14,Paris,3,Grace
2024-01-23,Paris,9,Heidi
2022-09-14,Paris,10,Alice
2019-01-17,London,8,Bob
2018-01-18,New York,7,Ivan
2019-03-23,Tokyo,9,Judy
2022-10-27,London,8,Frank
2024-09-05,Tokyo,6,Heidi
2019-12-12,London,4,Grace
2020-11-16,London,8,Ivan
2023-04-02,Sydney,8,Frank
2020-06-25,New York,1,Charlie
2021-04-09,Tokyo,4,Judy
2018-12-25,London,4,David
2022-05-30,New York,8,Alice
2019-01-06,Paris,6,Frank
2019-05-07,Paris,3,Ivan
2022-09-30,New York,1,Heidi
2018-07-04,New York,8,Eve
2021-11-26,New York,10,Ivan
2022-10-17,London,3,Judy
2019-09-07,Sydney,5,Grace
2024-02-09,Paris,5,Eve
2024-04-27,Paris,5,Grace
2021-09-16,Tokyo,5,Grace
2022-11-26,Paris,7,David
2024-01-20,New York,1,Grace
2018-01-17,Paris,7,Bob
2020-06-28,London,3,Bob
2018-08-22,London,6,David
2022-07-06,Sydney,3,Alice
2024-04-01,Sydney,4,Charlie
2019-02-04,Tokyo,10,Eve
2023-06-12,Sydney,10,Ivan
2019-11-27,Tokyo,3,Heidi
2018-11-28,Paris,7,Charlie
2018-06-02,Paris,6,David
2019-08-22,Paris,6,Frank
2024-07-01,Paris,10,Heidi
2023-06-04,New York,2,Heidi
2023-10-13,New York,1,Eve
2018-07-29,Sydney,6,Ivan
2022-08-10,Tokyo,7,Grace
2019-02-25,New York,3,Heidi
2023-11-21,New York,2,David
2019-04-01,Sydney,9,David
2024-03-21,Paris,6,Heidi
2020-03-27,Paris,7,Judy
2022-04-05,London,1,Bob
2023-05-18,Tokyo,10,Grace
2024-01-11,New York,2,Alice
2021-11-25,London,1,Grace
2019-03-30,Tokyo,4,Heidi
2023-02-05,New York,1,Eve
2018-02-11,Sydney,5,Ivan
2023-08-18,London,6,Eve
2019-06-08,New York,9,Ivan
2022-06-22,Tokyo,8,Grace
2018-10-26,Tokyo,6,Grace
2022-07-05,Tokyo,10,Judy
2018-11-20,London,3,Bob
2018-11-26,Sydney,8,Charlie
2023-01-01,Paris,5,Grace
2023-10-08,Paris,6,Judy
2020-05-12,Sydney,1,Bob
2018-07-04,Paris,10,David
2018-08-31,London,2,Judy
2022-12-25,London,10,Heidi
2021-05-05,New York,6,Charlie
2021-04-10,Paris,9,Grace
2021-03-05,Sydney,7,Frank
2022-05-05,Tokyo,8,Heidi
2023-08-15,New York,2,Grace
2023-03-15,Tokyo,3,Judy
2023-08-11,New York,5,Bob
2018-10-26,Tokyo,1,Frank
2018-08-08,New York,3,Judy
2019-01-05,Sydney,10,Heidi
2022-01-17,Sydney,1,Frank
2022-01-08,Sydney,1,Frank
2024-07-08,Sydney,1,Ivan
2021-12-23,London,3,Eve
2023-06-08,London,2,Ivan
2020-01-05,Sydney,3,Heidi
2020-07-22,Sydney,10,Grace
2018-01-03,Sydney,10,Ivan
2021-06-29,Paris,2,Eve
2019-03-01,Tokyo,6,Bob
2021-10-22,London,8,David
2021-12-19,Tokyo,6,Charlie
2022-01-06,London,1,Ivan
2022-01-03,London,10,Frank
2023-01-02,Paris,8,Judy
2019-09-01,Sydney,3,Grace
2020-03-16,London,9,Alice
2023-04-26,Paris,10,Charlie
2020-07-17,Paris,2,Bob
2024-02-11,New York,7,Charlie
2021-11-19,Sydney,9,Bob
2023-09-18,New York,3,Charlie
2019-08-30,Tokyo,10,Frank
2020-12-19,New York,1,Charlie
2021-01-26,London,7,Judy
2021-04-03,Paris,8,Ivan
2019-01-21,Tokyo,4,Bob
2019-05-29,Sydney,4,Ivan
2024-02-12,Sydney,9,Heidi
2020-06-01,London,7,Heidi
2018-06-21,New York,8,Charlie
2018-06-17,Sydney,5,Charlie
2022-01-13,New York,9,Eve
2019-02-13,Paris,2,Judy
2019-01-14,Sydney,8,David
2024-09-10,Sydney,9,Ivan
2019-06-02,New York,4,Charlie
2024-08-03,New York,3,Charlie
2022-12-05,Sydney,8,Alice
2018-08-09,London,2,Charlie
2024-03-30,Tokyo,6,Bob
2021-01-22,New York,1,Grace
2021-08-22,London,6,Frank
2024-02-10,Sydney,7,David
2019-10-04,New York,9,Bob
2023-04-06,Sydney,8,Frank
2022-02-14,Sydney,8,Charlie
2019-04-02,New York,3,David
2020-10-11,New York,2,Eve
2022-09-12,Tokyo,6,David
2023-09-27,London,2,Alice
2022-09-24,Paris,2,David
2021-05-07,Paris,1,Judy
2023-02-14,Paris,10,David
2023-05-19,Tokyo,7,David
2019-04-28,Tokyo,2,Grace
2019-06-08,London,2,Alice
2018-10-29,Paris,1,David
2021-04-25,Sydney,2,Heidi
2021-04-18,Sydney,8,Alice
2020-08-20,London,3,Eve
2024-07-07,Paris,2,Heidi
2020-04-27,London,5,Charlie
2023-08-03,New York,1,Alice
2018-07-07,Tokyo,3,Ivan
2023-06-11,New York,2,Judy
2020-12-19,London,2,Heidi
2023-11-19,Tokyo,5,Eve
2020-07-24,London,10,Heidi
2018-06-18,London,1,Grace
2022-03-13,Tokyo,6,Frank
2022-08-02,London,2,Judy
2023-06-23,Tokyo,9,Ivan
2019-07-15,London,5,Alice
2024-02-15,New York,7,Frank
2019-09-17,Tokyo,3,Grace
2023-04-14,Tokyo,4,Heidi
2018-04-16,Sydney,6,Frank
2022-04-04,New York,7,Charlie
2023-04-06,Sydney,7,Ivan
2021-05-10,Paris,8,Frank
2021-11-21,New York,10,Heidi
2019-10-26,New York,5,David
2020-10-15,New York,7,Charlie
2023-01-22,Paris,4,Judy
2018-10-16,London,9,Charlie
2022-03-14,London,7,Judy
2023-03-11,Tokyo,9,Heidi
2023-05-11,Sydney,5,Eve
2020-05-05,Sydney,4,Grace
2021-04-21,London,8,Alice
2022-01-20,New York,5,Judy
2022-09-12,London,1,Frank
2021-06-22,New York,3,Heidi
2021-11-13,Sydney,5,Eve
2018-09-07,London,1,David
2019-04-22,New York,6,Judy
2023-12-06,London,9,Frank
2023-04-29,Paris,8,Heidi
2021-01-02,New York,1,Heidi
2018-02-11,New York,7,Heidi
2022-12-19,New York,4,Charlie
2020-07-15,Sydney,4,Grace
2024-03-02,London,8,Ivan
2022-12-22,London,7,Charlie
2019-05-15,Paris,2,Ivan
2018-05-22,London,4,Grace
2018-01-27,Paris,7,Frank
2019-01-03,Paris,4,Heidi
2018-10-30,London,10,Alice
2021-05-17,Sydney,6,Ivan
2021-02-04,London,10,Judy
2022-09-27,New York,7,Alice
2019-04-17,New York,7,Grace
2024-08-02,Paris,6,Ivan
2021-06-26,New York,10,David
2020-06-03,Paris,8,Charlie
2022-07-08,New York,7,Grace
2021-10-19,London,2,David
2021-07-21,Sydney,1,David
2019-10-24,Tokyo,2,David
2020-12-05,Tokyo,1,Eve
2021-08-24,Paris,8,Grace
2019-07-10,Paris,4,Ivan
2024-09-29,Tokyo,2,Alice
2019-06-09,Tokyo,10,David
2022-12-25,Sydney,7,Heidi
2022-02-22,Paris,9,David
2023-09-19,Paris,1,Eve
2021-06-13,London,8,Ivan
2023-09-03,Sydney,3,Frank
2020-11-21,Tokyo,7,Bob
2018-02-11,London,2,Grace
2019-10-12,Sydney,10,Grace
2019-10-28,Tokyo,8,Frank
2018-02-20,Tokyo,8,Charlie
2021-12-23,Paris,1,Alice
2021-07-29,Sydney,8,Ivan
2021-08-04,Sydney,6,Ivan
2020-12-13,New York,4,Bob
2024-04-26,Sydney,2,Charlie
2023-11-26,London,2,Grace
2018-12-03,New York,6,Eve
2021-05-10,London,6,Ivan
2022-12-18,Tokyo,6,Heidi
2018-05-10,Tokyo,7,Alice
2020-02-07,Paris,6,Judy
2024-02-21,New York,8,Eve
2019-05-04,Tokyo,7,Frank
2020-11-08,Sydney,8,Judy
2020-11-08,Paris,9,Grace
2019-05-31,London,1,Bob
2019-02-20,Tokyo,9,Frank
2023-04-05,London,6,Heidi
2019-08-01,New York,10,David
2024-06-07,London,5,Ivan
2024-08-12,London,2,Ivan
2019-03-31,Tokyo,9,Alice
2019-04-28,Tokyo,10,Eve
2018-03-16,Paris,9,Judy
2022-02-11,Tokyo,2,Grace
2022-03-23,London,4,Heidi
2021-08-02,New York,1,Alice
2021-02-25,Tokyo,10,Charlie
2022-03-27,Paris,1,Charlie
2019-12-07,New York,4,Frank
2018-11-28,New York,10,Heidi
2022-08-22,Sydney,1,Judy
2018-05-12,Tokyo,3,Alice
2019-04-12,London,2,Heidi
2022-06-06,Paris,6,Eve
2022-11-19,London,4,Eve
2020-08-30,Paris,8,David
2019-08-21,Tokyo,1,Charlie
2024-02-12,London,6,Heidi
2018-02-27,Sydney,4,Grace
2021-11-24,New York,1,Judy
2022-02-06,New York,4,Charlie
2019-08-20,Paris,3,Heidi
2023-02-02,London,1,David
2019-01-22,New York,5,Judy
2024-02-28,Sydney,5,Charlie
2021-01-27,New York,1,Alice
2022-09-09,London,9,Heidi
2023-01-21,Tokyo,6,Ivan
2024-06-15,Sydney,5,Bob
2023-07-01,Paris,2,David
2024-04-15,Tokyo,5,Eve
2019-11-23,Sydney,4,Heidi
2022-08-27,New York,4,Charlie
2018-06-17,Sydney,8,Frank
2024-04-01,Sydney,10,Grace
2021-01-10,New York,10,Charlie
2021-11-28,Tokyo,3,Charlie
2020-09-29,Sydney,5,Alice
2019-01-01,Tokyo,9,Grace
2020-08-05,Paris,7,Ivan
2023-07-11,London,4,Heidi
2020-01-23,Sydney,10,David
2019-03-09,Tokyo,1,Ivan
2020-03-18,New York,2,Ivan
2023-07-21,Paris,1,Bob
2022-05-02,Paris,6,Ivan
2022-02-04,Tokyo,2,Charlie
2024-09-24,Paris,2,Alice
2019-01-04,Tokyo,1,Ivan
2024-04-30,New York,6,Eve
2018-10-23,Tokyo,7,Bob
2018-07-23,Paris,3,Heidi
2023-08-07,Tokyo,6,Bob
2018-11-19,Tokyo,6,Heidi
2018-09-26,Sydney,2,Heidi
2023-10-02,New York,2,Grace
2019-06-27,Tokyo,7,Ivan
2023-01-22,Tokyo,8,Alice
2019-05-31,New York,5,Grace
2019-03-24,London,5,Heidi
2020-06-01,New York,2,Frank
2021-05-01,Paris,7,Bob
2021-06-12,Paris,6,Frank
2018-01-20,Paris,7,Heidi
2023-04-11,Sydney,9,Charlie
2020-02-16,New York,2,Ivan
2022-04-28,Tokyo,3,Grace
2020-02-08,New York,8,Heidi
2018-12-14,Paris,1,Bob
2023-10-25,Tokyo,9,Eve
2024-01-04,Sydney,6,Eve
2021-04-16,Sydney,8,Ivan
2019-07-05,Paris,9,David
2020-01-17,Sydney,4,Alice
2022-08-04,London,10,Frank
2018-02-22,London,9,Eve
2018-07-05,Tokyo,9,Eve
2024-01-06,Paris,8,Eve
2023-08-23,Tokyo,1,Grace
2019-09-27,Tokyo,7,Eve
2024-05-11,London,6,Grace
2020-02-06,Tokyo,7,Eve
2022-05-12,New York,9,Charlie
2022-11-22,Tokyo,6,Charlie
2020-07-14,London,8,Judy
2022-02-07,Paris,10,Bob
2019-04-02,Sydney,1,Heidi
2023-04-11,London,7,Judy
2024-09-05,Sydney,3,Eve
2019-12-20,Paris,1,Charlie
2022-06-06,Paris,7,Eve
2020-01-30,Sydney,6,Ivan
2020-12-31,Tokyo,1,Frank
2018-10-08,Tokyo,8,Heidi
2023-08-24,Sydney,1,Eve
2023-04-20,New York,10,Alice
2019-09-16,Tokyo,6,Bob
2024-02-28,London,6,Eve
2019-05-08,London,7,Bob
2018-08-08,Paris,10,Bob
2023-08-31,Sydney,9,David
2021-08-15,London,6,Bob
2022-05-22,Tokyo,7,Bob
2024-08-10,Tokyo,4,Ivan
2021-08-03,London,10,Heidi
2022-08-11,London,4,Eve
2019-05-28,Sydney,7,Grace
2020-01-20,Sydney,5,Heidi
2021-10-13,London,8,Frank
2019-05-05,London,6,Heidi
2020-04-16,Tokyo,7,Judy
2022-06-18,Sydney,6,Ivan
2020-10-19,New York,9,Ivan
2021-01-31,London,10,Eve
2018-11-22,Tokyo,3,David
2024-06-02,Paris,3,Judy
2020-03-16,New York,5,David
2020-05-21,Paris,8,Eve
2022-03-31,Sydney,3,David
2020-04-04,London,8,David
2021-12-26,Tokyo,3,Alice
2024-05-19,London,8,Judy
2021-06-22,New York,7,Heidi
2022-05-04,New York,5,Heidi
2020-06-19,Paris,5,Bob
2019-12-08,Paris,6,Grace
2022-09-20,London,3,Frank
2022-10-11,Paris,9,Eve
2023-04-22,Sydney,7,Eve
2023-05-13,Sydney,6,Grace
2020-09-01,Sydney,2,Eve
2019-11-11,New York,2,Eve
2018-08-07,New York,3,Bob
2020-11-09,Sydney,7,Grace
2022-03-03,Tokyo,4,Bob
2020-08-13,Paris,5,Charlie
2022-11-26,Paris,1,David
2020-10-22,New York,7,Grace
2024-04-01,Tokyo,2,Eve
2020-03-11,Tokyo,3,Ivan
2020-03-13,Tokyo,8,Bob
2019-06-10,Paris,5,Judy
2018-04-02,London,7,Frank
2021-12-20,Sydney,2,Eve
2020-10-23,Sydney,4,Frank
2018-11-08,Sydney,7,Eve
2022-12-22,Paris,9,Frank
2023-06-07,Paris,6,Ivan
2022-01-01,Paris,2,Alice
2019-10-26,Sydney,3,Grace
2019-03-14,London,8,Judy
2019-03-09,London,4,Grace
2024-05-26,London,9,Alice
2023-02-26,Paris,6,David
2020-05-08,London,1,Bob
2019-11-05,London,8,Heidi
2018-04-04,Tokyo,8,Heidi
2019-02-25,Sydney,8,Frank
2021-07-09,London,3,Frank
2018-03-05,Paris,8,David
2024-09-16,New York,10,Bob
2018-10-25,Paris,10,Heidi
2019-01-06,Tokyo,9,Judy
2024-08-13,Sydney,8,David
2019-01-24,Sydney,6,Frank
2018-11-06,Paris,8,Charlie
2018-03-27,New York,2,Alice
2022-11-07,Sydney,5,Frank
2024-03-23,London,8,Charlie
2020-10-10,Paris,4,Charlie
2020-06-16,New York,5,Judy
2023-02-14,Tokyo,10,Frank
2022-09-05,Paris,6,Judy
2020-09-26,Tokyo,10,Frank
2022-04-10,Paris,1,Ivan
2024-01-26,Paris,6,Bob
2019-02-20,Tokyo,5,David
2018-01-25,Paris,4,Bob
2023-10-26,Paris,4,Judy
2019-06-26,Sydney,10,Grace
2018-08-13,Sydney,6,David
2023-08-23,Sydney,6,Judy
2019-01-12,Paris,10,Charlie
2020-05-10,Tokyo,8,Grace
2021-10-09,Paris,7,Frank
2021-03-05,Sydney,6,Heidi
2021-01-01,Sydney,2,Bob
2018-04-11,London,3,Alice
2020-05-16,London,10,Heidi
2018-02-09,Sydney,2,Ivan
2024-07-10,Sydney,10,Alice
2023-09-14,Paris,4,Alice
2018-04-05,Tokyo,3,Frank
2020-12-23,London,6,Bob
2020-12-04,Paris,9,Judy
2020-07-14,Paris,3,Alice
2023-04-01,London,6,Ivan
2018-02-09,Sydney,2,Alice
2021-03-07,New York,10,Alice
2021-06-28,Tokyo,6,David
2023-01-11,New York,2,Grace
2022-02-09,New York,8,Eve
2022-01-08,London,8,Alice
2019-09-08,New York,6,Judy
2019-12-04,Sydney,9,Alice
2018-10-23,Sydney,10,Grace
2020-02-18,London,9,Eve
2023-09-14,Sydney,9,David
2022-09-10,New York,5,Judy
2021-10-19,Tokyo,9,Heidi
2018-11-26,Tokyo,1,Bob
2018-01-05,Sydney,6,Bob
2021-03-06,Paris,5,Eve
2023-07-12,Paris,4,Judy
2021-06-30,Tokyo,5,Alice
2023-05-23,Tokyo,1,David
2019-08-18,Sydney,10,Charlie
2019-11-24,Tokyo,9,Heidi
2024-06-01,Tokyo,2,Grace
2018-10-05,Tokyo,1,Judy
2022-10-04,Sydney,7,Ivan
2020-01-09,Tokyo,4,Bob
2020-10-19,Tokyo,7,Bob
2019-07-24,Tokyo,5,Charlie
2018-02-18,Paris,7,Eve
2024-08-16,Paris,1,Charlie
2020-10-09,Sydney,9,Ivan
2018-05-24,New York,3,Frank
2019-10-13,Paris,7,Alice
2018-05-17,Tokyo,2,Charlie
2023-01-13,London,6,David
2019-11-15,Sydney,3,Judy
2022-03-04,Tokyo,5,Frank
2022-10-10,New York,8,Charlie
2018-06-27,Paris,9,Frank
2019-11-11,Paris,8,David
2021-05-28,London,4,Charlie
2021-05-14,Paris,9,Charlie
2022-10-15,Tokyo,4,David
2018-10-23,Sydney,8,Grace
2018-09-29,Sydney,3,Alice
2018-09-15,Paris,1,Grace
2024-08-16,London,3,Alice
2018-12-18,Sydney,8,Heidi
